byonic,character,glyco_site,glytoucan_id,id,location,mass,mass_monoisotopic,numeric,reviewed,string,uniprot_acc,uniprot_id
HexNAc(4)Hex(4)dHex(1),H4N4F1,Asn-282,G46687AB,350,282,1625.5079,1624.5973,"4,4,1,0,0,0,0,0,0,0,0,0,0,0",True,Hex:4 HexNAc:4 dHex:1,P0DTC2,SPIKE_SARS2
HexNAc(4)Hex(4)dHex(1),H4N4F1,Asn-657,G46687AB,350,657,1625.5079,1624.5973,"4,4,1,0,0,0,0,0,0,0,0,0,0,0",True,Hex:4 HexNAc:4 dHex:1,P0DTC2,SPIKE_SARS2
HexNAc(4)Hex(4)dHex(1),H4N4F1,Asn-331,G46687AB,350,331,1625.5079,1624.5973,"4,4,1,0,0,0,0,0,0,0,0,0,0,0",True,Hex:4 HexNAc:4 dHex:1,P0DTC2,SPIKE_SARS2
HexNAc(4)Hex(4)dHex(1),H4N4F1,Asn-165,G46687AB,350,165,1625.5079,1624.5973,"4,4,1,0,0,0,0,0,0,0,0,0,0,0",True,Hex:4 HexNAc:4 dHex:1,P0DTC2,SPIKE_SARS2
HexNAc(4)Hex(4)dHex(1),H4N4F1,Asn-122,G46687AB,350,122,1625.5079,1624.5973,"4,4,1,0,0,0,0,0,0,0,0,0,0,0",True,Hex:4 HexNAc:4 dHex:1,P0DTC2,SPIKE_SARS2
HexNAc(5)Hex(4)dHex(1)NeuAc(1),H4N5F1S1,Asn-282,G72667IM,489,282,2119.9608,2118.7721,"4,5,1,1,0,0,0,0,0,0,0,0,0,0",True,Hex:4 HexNAc:5 dHex:1 NeuAc:1,P0DTC2,SPIKE_SARS2
HexNAc(5)Hex(4)dHex(1)NeuAc(1),H4N5F1S1,Asn-165,G72667IM,489,165,2119.9608,2118.7721,"4,5,1,1,0,0,0,0,0,0,0,0,0,0",True,Hex:4 HexNAc:5 dHex:1 NeuAc:1,P0DTC2,SPIKE_SARS2
HexNAc(5)Hex(4)dHex(1)NeuAc(1),H4N5F1S1,Asn-657,G72667IM,489,657,2119.9608,2118.7721,"4,5,1,1,0,0,0,0,0,0,0,0,0,0",True,Hex:4 HexNAc:5 dHex:1 NeuAc:1,P0DTC2,SPIKE_SARS2
HexNAc(5)Hex(4)dHex(1)NeuAc(1),H4N5F1S1,Asn-331,G72667IM,489,331,2119.9608,2118.7721,"4,5,1,1,0,0,0,0,0,0,0,0,0,0",True,Hex:4 HexNAc:5 dHex:1 NeuAc:1,P0DTC2,SPIKE_SARS2
HexNAc(5)Hex(4)dHex(1)NeuAc(1),H4N5F1S1,Asn-122,G72667IM,489,122,2119.9608,2118.7721,"4,5,1,1,0,0,0,0,0,0,0,0,0,0",True,Hex:4 HexNAc:5 dHex:1 NeuAc:1,P0DTC2,SPIKE_SARS2
HexNAc(5)Hex(6)dHex(1)NeuAc(1),H6N5F1S1,Asn-282,G81263BG,395,282,2444.2456,2442.8777,"6,5,1,1,0,0,0,0,0,0,0,0,0,0",True,Hex:6 HexNAc:5 dHex:1 NeuAc:1,P0DTC2,SPIKE_SARS2
HexNAc(5)Hex(6)dHex(1)NeuAc(1),H6N5F1S1,Asn-165,G81263BG,395,165,2444.2456,2442.8777,"6,5,1,1,0,0,0,0,0,0,0,0,0,0",True,Hex:6 HexNAc:5 dHex:1 NeuAc:1,P0DTC2,SPIKE_SARS2
HexNAc(5)Hex(6)dHex(1)NeuAc(1),H6N5F1S1,Asn-331,G81263BG,395,331,2444.2456,2442.8777,"6,5,1,1,0,0,0,0,0,0,0,0,0,0",True,Hex:6 HexNAc:5 dHex:1 NeuAc:1,P0DTC2,SPIKE_SARS2
HexNAc(5)Hex(6)dHex(1)NeuAc(1),H6N5F1S1,Asn-657,G81263BG,395,657,2444.2456,2442.8777,"6,5,1,1,0,0,0,0,0,0,0,0,0,0",True,Hex:6 HexNAc:5 dHex:1 NeuAc:1,P0DTC2,SPIKE_SARS2
HexNAc(5)Hex(6)dHex(1)NeuAc(1),H6N5F1S1,Asn-122,G81263BG,395,122,2444.2456,2442.8777,"6,5,1,1,0,0,0,0,0,0,0,0,0,0",True,Hex:6 HexNAc:5 dHex:1 NeuAc:1,P0DTC2,SPIKE_SARS2
HexNAc(5)Hex(6)dHex(1)NeuAc(1),H6N5F1S1,Asn-149,G81263BG,395,149,2444.2456,2442.8777,"6,5,1,1,0,0,0,0,0,0,0,0,0,0",True,Hex:6 HexNAc:5 dHex:1 NeuAc:1,P0DTC2,SPIKE_SARS2
HexNAc(4)Hex(6)dHex(1),H6N4F1,Asn-331,G46902YN,252,331,1949.7927,1948.7029,"6,4,1,0,0,0,0,0,0,0,0,0,0,0",True,Hex:6 HexNAc:4 dHex:1,P0DTC2,SPIKE_SARS2
HexNAc(4)Hex(6)dHex(1),H6N4F1,Asn-282,G46902YN,252,282,1949.7927,1948.7029,"6,4,1,0,0,0,0,0,0,0,0,0,0,0",True,Hex:6 HexNAc:4 dHex:1,P0DTC2,SPIKE_SARS2
HexNAc(4)Hex(6)dHex(1),H6N4F1,Asn-122,G46902YN,252,122,1949.7927,1948.7029,"6,4,1,0,0,0,0,0,0,0,0,0,0,0",True,Hex:6 HexNAc:4 dHex:1,P0DTC2,SPIKE_SARS2
HexNAc(4)Hex(6)dHex(1),H6N4F1,Asn-657,G46902YN,252,657,1949.7927,1948.7029,"6,4,1,0,0,0,0,0,0,0,0,0,0,0",True,Hex:6 HexNAc:4 dHex:1,P0DTC2,SPIKE_SARS2
HexNAc(4)Hex(6)dHex(1),H6N4F1,Asn-165,G46902YN,252,165,1949.7927,1948.7029,"6,4,1,0,0,0,0,0,0,0,0,0,0,0",True,Hex:6 HexNAc:4 dHex:1,P0DTC2,SPIKE_SARS2
HexNAc(4)Hex(4)NeuAc(1),H4N4S1,Asn-165,G31916IQ,547,165,1770.6228,1769.6348,"4,4,0,1,0,0,0,0,0,0,0,0,0,0",True,Hex:4 HexNAc:4 NeuAc:1,P0DTC2,SPIKE_SARS2
HexNAc(4)Hex(4)NeuAc(1),H4N4S1,Asn-149,G31916IQ,547,149,1770.6228,1769.6348,"4,4,0,1,0,0,0,0,0,0,0,0,0,0",True,Hex:4 HexNAc:4 NeuAc:1,P0DTC2,SPIKE_SARS2
HexNAc(4)Hex(4)NeuAc(1),H4N4S1,Asn-657,G31916IQ,547,657,1770.6228,1769.6348,"4,4,0,1,0,0,0,0,0,0,0,0,0,0",True,Hex:4 HexNAc:4 NeuAc:1,P0DTC2,SPIKE_SARS2
HexNAc(4)Hex(4)NeuAc(1),H4N4S1,Asn-122,G31916IQ,547,122,1770.6228,1769.6348,"4,4,0,1,0,0,0,0,0,0,0,0,0,0",True,Hex:4 HexNAc:4 NeuAc:1,P0DTC2,SPIKE_SARS2
HexNAc(4)Hex(4)NeuAc(1),H4N4S1,Asn-282,G31916IQ,547,282,1770.6228,1769.6348,"4,4,0,1,0,0,0,0,0,0,0,0,0,0",True,Hex:4 HexNAc:4 NeuAc:1,P0DTC2,SPIKE_SARS2
HexNAc(4)Hex(4)NeuAc(1),H4N4S1,Asn-615,G31916IQ,547,615,1770.6228,1769.6348,"4,4,0,1,0,0,0,0,0,0,0,0,0,0",True,Hex:4 HexNAc:4 NeuAc:1,P0DTC2,SPIKE_SARS2
HexNAc(5)Hex(6)dHex(1)NeuAc(2),H6N5F1S2,Asn-149,G11629QQ,127,149,2735.5035,2733.9731,"6,5,1,2,0,0,0,0,0,0,0,0,0,0",True,Hex:6 HexNAc:5 dHex:1 NeuAc:2,P0DTC2,SPIKE_SARS2
HexNAc(5)Hex(6)dHex(1)NeuAc(2),H6N5F1S2,Asn-165,G11629QQ,127,165,2735.5035,2733.9731,"6,5,1,2,0,0,0,0,0,0,0,0,0,0",True,Hex:6 HexNAc:5 dHex:1 NeuAc:2,P0DTC2,SPIKE_SARS2
HexNAc(5)Hex(6)dHex(1)NeuAc(2),H6N5F1S2,Asn-282,G11629QQ,127,282,2735.5035,2733.9731,"6,5,1,2,0,0,0,0,0,0,0,0,0,0",True,Hex:6 HexNAc:5 dHex:1 NeuAc:2,P0DTC2,SPIKE_SARS2
HexNAc(5)Hex(6)dHex(1)NeuAc(2),H6N5F1S2,Asn-331,G11629QQ,127,331,2735.5035,2733.9731,"6,5,1,2,0,0,0,0,0,0,0,0,0,0",True,Hex:6 HexNAc:5 dHex:1 NeuAc:2,P0DTC2,SPIKE_SARS2
HexNAc(5)Hex(6)dHex(1)NeuAc(2),H6N5F1S2,Asn-657,G11629QQ,127,657,2735.5035,2733.9731,"6,5,1,2,0,0,0,0,0,0,0,0,0,0",True,Hex:6 HexNAc:5 dHex:1 NeuAc:2,P0DTC2,SPIKE_SARS2
HexNAc(5)Hex(6)dHex(1)NeuAc(2),H6N5F1S2,Asn-122,G11629QQ,127,122,2735.5035,2733.9731,"6,5,1,2,0,0,0,0,0,0,0,0,0,0",True,Hex:6 HexNAc:5 dHex:1 NeuAc:2,P0DTC2,SPIKE_SARS2
HexNAc(5)Hex(5)dHex(1),H5N5F1,Asn-122,G91636VS,35,122,1990.8453,1989.7295,"5,5,1,0,0,0,0,0,0,0,0,0,0,0",True,Hex:5 HexNAc:5 dHex:1,P0DTC2,SPIKE_SARS2
HexNAc(5)Hex(5)dHex(1),H5N5F1,Asn-282,G91636VS,35,282,1990.8453,1989.7295,"5,5,1,0,0,0,0,0,0,0,0,0,0,0",True,Hex:5 HexNAc:5 dHex:1,P0DTC2,SPIKE_SARS2
HexNAc(5)Hex(5)dHex(1),H5N5F1,Asn-165,G91636VS,35,165,1990.8453,1989.7295,"5,5,1,0,0,0,0,0,0,0,0,0,0,0",True,Hex:5 HexNAc:5 dHex:1,P0DTC2,SPIKE_SARS2
HexNAc(5)Hex(5)dHex(1),H5N5F1,Asn-657,G91636VS,35,657,1990.8453,1989.7295,"5,5,1,0,0,0,0,0,0,0,0,0,0,0",True,Hex:5 HexNAc:5 dHex:1,P0DTC2,SPIKE_SARS2
HexNAc(5)Hex(5)dHex(1),H5N5F1,Asn-331,G91636VS,35,331,1990.8453,1989.7295,"5,5,1,0,0,0,0,0,0,0,0,0,0,0",True,Hex:5 HexNAc:5 dHex:1,P0DTC2,SPIKE_SARS2
HexNAc(5)Hex(5)dHex(1),H5N5F1,Asn-149,G91636VS,35,149,1990.8453,1989.7295,"5,5,1,0,0,0,0,0,0,0,0,0,0,0",True,Hex:5 HexNAc:5 dHex:1,P0DTC2,SPIKE_SARS2
HexNAc(4)Hex(5)dHex(1),H5N4F1,Asn-282,G23863VK,205,282,1787.6503,1786.6501,"5,4,1,0,0,0,0,0,0,0,0,0,0,0",True,Hex:5 HexNAc:4 dHex:1,P0DTC2,SPIKE_SARS2
HexNAc(4)Hex(5)dHex(1),H5N4F1,Asn-165,G23863VK,205,165,1787.6503,1786.6501,"5,4,1,0,0,0,0,0,0,0,0,0,0,0",True,Hex:5 HexNAc:4 dHex:1,P0DTC2,SPIKE_SARS2
HexNAc(4)Hex(5)dHex(1),H5N4F1,Asn-331,G23863VK,205,331,1787.6503,1786.6501,"5,4,1,0,0,0,0,0,0,0,0,0,0,0",True,Hex:5 HexNAc:4 dHex:1,P0DTC2,SPIKE_SARS2
HexNAc(4)Hex(5)dHex(1),H5N4F1,Asn-602,G23863VK,205,602,1787.6503,1786.6501,"5,4,1,0,0,0,0,0,0,0,0,0,0,0",True,Hex:5 HexNAc:4 dHex:1,P0DTC2,SPIKE_SARS2
HexNAc(4)Hex(5)dHex(1),H5N4F1,Asn-657,G23863VK,205,657,1787.6503,1786.6501,"5,4,1,0,0,0,0,0,0,0,0,0,0,0",True,Hex:5 HexNAc:4 dHex:1,P0DTC2,SPIKE_SARS2
HexNAc(4)Hex(5)dHex(1),H5N4F1,Asn-149,G23863VK,205,149,1787.6503,1786.6501,"5,4,1,0,0,0,0,0,0,0,0,0,0,0",True,Hex:5 HexNAc:4 dHex:1,P0DTC2,SPIKE_SARS2
HexNAc(4)Hex(5)dHex(1),H5N4F1,Asn-122,G23863VK,205,122,1787.6503,1786.6501,"5,4,1,0,0,0,0,0,0,0,0,0,0,0",True,Hex:5 HexNAc:4 dHex:1,P0DTC2,SPIKE_SARS2
HexNAc(8)Hex(3)dHex(1),H3N8F1,Asn-282,G96416FQ,718,282,2276.1455,2274.8621,"3,8,1,0,0,0,0,0,0,0,0,0,0,0",True,Hex:3 HexNAc:8 dHex:1,P0DTC2,SPIKE_SARS2
HexNAc(8)Hex(3)dHex(1),H3N8F1,Asn-234,G96416FQ,718,234,2276.1455,2274.8621,"3,8,1,0,0,0,0,0,0,0,0,0,0,0",True,Hex:3 HexNAc:8 dHex:1,P0DTC2,SPIKE_SARS2
HexNAc(8)Hex(3)dHex(1),H3N8F1,Asn-657,G96416FQ,718,657,2276.1455,2274.8621,"3,8,1,0,0,0,0,0,0,0,0,0,0,0",True,Hex:3 HexNAc:8 dHex:1,P0DTC2,SPIKE_SARS2
HexNAc(7)Hex(8),H8N7,Asn-122,G77582RK,725,122,2737.5195,2735.9888,"8,7,0,0,0,0,0,0,0,0,0,0,0,0",True,Hex:8 HexNAc:7,P0DTC2,SPIKE_SARS2
HexNAc(7)Hex(8),H8N7,Asn-331,G77582RK,725,331,2737.5195,2735.9888,"8,7,0,0,0,0,0,0,0,0,0,0,0,0",True,Hex:8 HexNAc:7,P0DTC2,SPIKE_SARS2
HexNAc(7)Hex(8),H8N7,Asn-657,G77582RK,725,657,2737.5195,2735.9888,"8,7,0,0,0,0,0,0,0,0,0,0,0,0",True,Hex:8 HexNAc:7,P0DTC2,SPIKE_SARS2
HexNAc(7)Hex(8),H8N7,Asn-282,G77582RK,725,282,2737.5195,2735.9888,"8,7,0,0,0,0,0,0,0,0,0,0,0,0",True,Hex:8 HexNAc:7,P0DTC2,SPIKE_SARS2
HexNAc(7)Hex(8),H8N7,Asn-165,G77582RK,725,165,2737.5195,2735.9888,"8,7,0,0,0,0,0,0,0,0,0,0,0,0",True,Hex:8 HexNAc:7,P0DTC2,SPIKE_SARS2
HexNAc(3)Hex(6)dHex(1),H6N3F1,Asn-331,G84820NF,762,331,1746.5977,1745.6235,"6,3,1,0,0,0,0,0,0,0,0,0,0,0",True,Hex:6 HexNAc:3 dHex:1,P0DTC2,SPIKE_SARS2
HexNAc(3)Hex(6)dHex(1),H6N3F1,Asn-122,G84820NF,762,122,1746.5977,1745.6235,"6,3,1,0,0,0,0,0,0,0,0,0,0,0",True,Hex:6 HexNAc:3 dHex:1,P0DTC2,SPIKE_SARS2
HexNAc(3)Hex(6)dHex(1),H6N3F1,Asn-657,G84820NF,762,657,1746.5977,1745.6235,"6,3,1,0,0,0,0,0,0,0,0,0,0,0",True,Hex:6 HexNAc:3 dHex:1,P0DTC2,SPIKE_SARS2
HexNAc(3)Hex(6)dHex(1),H6N3F1,Asn-165,G84820NF,762,165,1746.5977,1745.6235,"6,3,1,0,0,0,0,0,0,0,0,0,0,0",True,Hex:6 HexNAc:3 dHex:1,P0DTC2,SPIKE_SARS2
HexNAc(3)Hex(6)dHex(1),H6N3F1,Asn-282,G84820NF,762,282,1746.5977,1745.6235,"6,3,1,0,0,0,0,0,0,0,0,0,0,0",True,Hex:6 HexNAc:3 dHex:1,P0DTC2,SPIKE_SARS2
HexNAc(2)Hex(5)dHex(1),H5N2F1,Asn-282,G25637MV,773,282,1381.2603,1380.4913,"5,2,1,0,0,0,0,0,0,0,0,0,0,0",True,Hex:5 HexNAc:2 dHex:1,P0DTC2,SPIKE_SARS2
HexNAc(2)Hex(5)dHex(1),H5N2F1,Asn-615,G25637MV,773,615,1381.2603,1380.4913,"5,2,1,0,0,0,0,0,0,0,0,0,0,0",True,Hex:5 HexNAc:2 dHex:1,P0DTC2,SPIKE_SARS2
HexNAc(6)Hex(9)dHex(1)NeuAc(2),H9N6F1S2,Asn-122,G76915KR,874,122,3425.1257,3423.2109,"9,6,1,2,0,0,0,0,0,0,0,0,0,0",True,Hex:9 HexNAc:6 dHex:1 NeuAc:2,P0DTC2,SPIKE_SARS2
HexNAc(6)Hex(9)dHex(1)NeuAc(2),H9N6F1S2,Asn-331,G76915KR,874,331,3425.1257,3423.2109,"9,6,1,2,0,0,0,0,0,0,0,0,0,0",True,Hex:9 HexNAc:6 dHex:1 NeuAc:2,P0DTC2,SPIKE_SARS2
HexNAc(6)Hex(9)dHex(1)NeuAc(2),H9N6F1S2,Asn-657,G76915KR,874,657,3425.1257,3423.2109,"9,6,1,2,0,0,0,0,0,0,0,0,0,0",True,Hex:9 HexNAc:6 dHex:1 NeuAc:2,P0DTC2,SPIKE_SARS2
HexNAc(6)Hex(9)dHex(1)NeuAc(2),H9N6F1S2,Asn-282,G76915KR,874,282,3425.1257,3423.2109,"9,6,1,2,0,0,0,0,0,0,0,0,0,0",True,Hex:9 HexNAc:6 dHex:1 NeuAc:2,P0DTC2,SPIKE_SARS2
HexNAc(6)Hex(9)dHex(1)NeuAc(2),H9N6F1S2,Asn-165,G76915KR,874,165,3425.1257,3423.2109,"9,6,1,2,0,0,0,0,0,0,0,0,0,0",True,Hex:9 HexNAc:6 dHex:1 NeuAc:2,P0DTC2,SPIKE_SARS2
HexNAc(9)Hex(4),H4N9,Asn-234,G24084IV,986,234,,,"4,9,0,0,0,0,0,0,0,0,0,0,0,0",True,Hex:4 HexNAc:9,P0DTC2,SPIKE_SARS2
HexNAc(6)Hex(7)dHex(5)NeuAc(4),H7N6F5S4,Asn-122,G03461SC,1005,122,,,"7,6,5,4,0,0,0,0,0,0,0,0,0,0",False,Hex:7 HexNAc:6 dHex:5 NeuAc:4,P0DTC2,SPIKE_SARS2
HexNAc(6)Hex(7)dHex(5)NeuAc(4),H7N6F5S4,Asn-165,G03461SC,1005,165,,,"7,6,5,4,0,0,0,0,0,0,0,0,0,0",False,Hex:7 HexNAc:6 dHex:5 NeuAc:4,P0DTC2,SPIKE_SARS2
HexNAc(7)Hex(8)NeuAc(1),H8N7S1,Asn-331,G76417NN,1006,331,,,"8,7,0,1,0,0,0,0,0,0,0,0,0,0",False,Hex:8 HexNAc:7 NeuAc:1,P0DTC2,SPIKE_SARS2
HexNAc(7)Hex(8)NeuAc(1),H8N7S1,Asn-282,G76417NN,1006,282,,,"8,7,0,1,0,0,0,0,0,0,0,0,0,0",False,Hex:8 HexNAc:7 NeuAc:1,P0DTC2,SPIKE_SARS2
HexNAc(7)Hex(8)NeuAc(1),H8N7S1,Asn-165,G76417NN,1006,165,,,"8,7,0,1,0,0,0,0,0,0,0,0,0,0",False,Hex:8 HexNAc:7 NeuAc:1,P0DTC2,SPIKE_SARS2
HexNAc(7)Hex(8)NeuAc(1),H8N7S1,Asn-122,G76417NN,1006,122,,,"8,7,0,1,0,0,0,0,0,0,0,0,0,0",False,Hex:8 HexNAc:7 NeuAc:1,P0DTC2,SPIKE_SARS2
HexNAc(7)Hex(8)NeuAc(1),H8N7S1,Asn-657,G76417NN,1006,657,,,"8,7,0,1,0,0,0,0,0,0,0,0,0,0",False,Hex:8 HexNAc:7 NeuAc:1,P0DTC2,SPIKE_SARS2
HexNAc(5)Hex(6)NeuAc(1),H6N5S1,Asn-282,G59536GA,122,282,2298.1026,2296.8198,"6,5,0,1,0,0,0,0,0,0,0,0,0,0",True,Hex:6 HexNAc:5 NeuAc:1,P0DTC2,SPIKE_SARS2
HexNAc(5)Hex(6)NeuAc(1),H6N5S1,Asn-122,G59536GA,122,122,2298.1026,2296.8198,"6,5,0,1,0,0,0,0,0,0,0,0,0,0",True,Hex:6 HexNAc:5 NeuAc:1,P0DTC2,SPIKE_SARS2
HexNAc(5)Hex(6)NeuAc(1),H6N5S1,Asn-657,G59536GA,122,657,2298.1026,2296.8198,"6,5,0,1,0,0,0,0,0,0,0,0,0,0",True,Hex:6 HexNAc:5 NeuAc:1,P0DTC2,SPIKE_SARS2
HexNAc(5)Hex(6)NeuAc(1),H6N5S1,Asn-615,G59536GA,122,615,2298.1026,2296.8198,"6,5,0,1,0,0,0,0,0,0,0,0,0,0",True,Hex:6 HexNAc:5 NeuAc:1,P0DTC2,SPIKE_SARS2
HexNAc(5)Hex(6)NeuAc(1),H6N5S1,Asn-165,G59536GA,122,165,2298.1026,2296.8198,"6,5,0,1,0,0,0,0,0,0,0,0,0,0",True,Hex:6 HexNAc:5 NeuAc:1,P0DTC2,SPIKE_SARS2
HexNAc(5)Hex(5)dHex(1)NeuAc(1),H5N5F1S1,Asn-331,G02030ZB,439,331,2282.1032,2280.8249,"5,5,1,1,0,0,0,0,0,0,0,0,0,0",True,Hex:5 HexNAc:5 dHex:1 NeuAc:1,P0DTC2,SPIKE_SARS2
HexNAc(5)Hex(5)dHex(1)NeuAc(1),H5N5F1S1,Asn-165,G02030ZB,439,165,2282.1032,2280.8249,"5,5,1,1,0,0,0,0,0,0,0,0,0,0",True,Hex:5 HexNAc:5 dHex:1 NeuAc:1,P0DTC2,SPIKE_SARS2
HexNAc(5)Hex(5)dHex(1)NeuAc(1),H5N5F1S1,Asn-657,G02030ZB,439,657,2282.1032,2280.8249,"5,5,1,1,0,0,0,0,0,0,0,0,0,0",True,Hex:5 HexNAc:5 dHex:1 NeuAc:1,P0DTC2,SPIKE_SARS2
HexNAc(5)Hex(5)dHex(1)NeuAc(1),H5N5F1S1,Asn-122,G02030ZB,439,122,2282.1032,2280.8249,"5,5,1,1,0,0,0,0,0,0,0,0,0,0",True,Hex:5 HexNAc:5 dHex:1 NeuAc:1,P0DTC2,SPIKE_SARS2
HexNAc(5)Hex(5)dHex(1)NeuAc(1),H5N5F1S1,Asn-282,G02030ZB,439,282,2282.1032,2280.8249,"5,5,1,1,0,0,0,0,0,0,0,0,0,0",True,Hex:5 HexNAc:5 dHex:1 NeuAc:1,P0DTC2,SPIKE_SARS2
HexNAc(5)Hex(5)dHex(1)NeuAc(1),H5N5F1S1,Asn-149,G02030ZB,439,149,2282.1032,2280.8249,"5,5,1,1,0,0,0,0,0,0,0,0,0,0",True,Hex:5 HexNAc:5 dHex:1 NeuAc:1,P0DTC2,SPIKE_SARS2
HexNAc(5)Hex(6)NeuAc(3),H6N5S3,Asn-165,G47518TP,330,165,2880.6184,2879.0106,"6,5,0,3,0,0,0,0,0,0,0,0,0,0",True,Hex:6 HexNAc:5 NeuAc:3,P0DTC2,SPIKE_SARS2
HexNAc(5)Hex(6)NeuAc(3),H6N5S3,Asn-657,G47518TP,330,657,2880.6184,2879.0106,"6,5,0,3,0,0,0,0,0,0,0,0,0,0",True,Hex:6 HexNAc:5 NeuAc:3,P0DTC2,SPIKE_SARS2
HexNAc(5)Hex(6)NeuAc(3),H6N5S3,Asn-282,G47518TP,330,282,2880.6184,2879.0106,"6,5,0,3,0,0,0,0,0,0,0,0,0,0",True,Hex:6 HexNAc:5 NeuAc:3,P0DTC2,SPIKE_SARS2
HexNAc(5)Hex(6)NeuAc(3),H6N5S3,Asn-331,G47518TP,330,331,2880.6184,2879.0106,"6,5,0,3,0,0,0,0,0,0,0,0,0,0",True,Hex:6 HexNAc:5 NeuAc:3,P0DTC2,SPIKE_SARS2
HexNAc(5)Hex(6)NeuAc(3),H6N5S3,Asn-122,G47518TP,330,122,2880.6184,2879.0106,"6,5,0,3,0,0,0,0,0,0,0,0,0,0",True,Hex:6 HexNAc:5 NeuAc:3,P0DTC2,SPIKE_SARS2
HexNAc(5)Hex(4),H4N5,Asn-122,G23432EQ,318,122,1682.5599,1681.6188,"4,5,0,0,0,0,0,0,0,0,0,0,0,0",True,Hex:4 HexNAc:5,P0DTC2,SPIKE_SARS2
HexNAc(5)Hex(4),H4N5,Asn-657,G23432EQ,318,657,1682.5599,1681.6188,"4,5,0,0,0,0,0,0,0,0,0,0,0,0",True,Hex:4 HexNAc:5,P0DTC2,SPIKE_SARS2
HexNAc(5)Hex(4),H4N5,Asn-282,G23432EQ,318,282,1682.5599,1681.6188,"4,5,0,0,0,0,0,0,0,0,0,0,0,0",True,Hex:4 HexNAc:5,P0DTC2,SPIKE_SARS2
HexNAc(5)Hex(4)dHex(1),H4N5F1,Asn-282,G03382KH,637,282,1828.7029,1827.6767,"4,5,1,0,0,0,0,0,0,0,0,0,0,0",True,Hex:4 HexNAc:5 dHex:1,P0DTC2,SPIKE_SARS2
HexNAc(5)Hex(4)dHex(1),H4N5F1,Asn-149,G03382KH,637,149,1828.7029,1827.6767,"4,5,1,0,0,0,0,0,0,0,0,0,0,0",True,Hex:4 HexNAc:5 dHex:1,P0DTC2,SPIKE_SARS2
HexNAc(5)Hex(4)dHex(1),H4N5F1,Asn-657,G03382KH,637,657,1828.7029,1827.6767,"4,5,1,0,0,0,0,0,0,0,0,0,0,0",True,Hex:4 HexNAc:5 dHex:1,P0DTC2,SPIKE_SARS2
HexNAc(5)Hex(4)dHex(1),H4N5F1,Asn-331,G03382KH,637,331,1828.7029,1827.6767,"4,5,1,0,0,0,0,0,0,0,0,0,0,0",True,Hex:4 HexNAc:5 dHex:1,P0DTC2,SPIKE_SARS2
HexNAc(5)Hex(4)dHex(1),H4N5F1,Asn-122,G03382KH,637,122,1828.7029,1827.6767,"4,5,1,0,0,0,0,0,0,0,0,0,0,0",True,Hex:4 HexNAc:5 dHex:1,P0DTC2,SPIKE_SARS2
HexNAc(5)Hex(4)dHex(1),H4N5F1,Asn-165,G03382KH,637,165,1828.7029,1827.6767,"4,5,1,0,0,0,0,0,0,0,0,0,0,0",True,Hex:4 HexNAc:5 dHex:1,P0DTC2,SPIKE_SARS2
HexNAc(4)Hex(3)NeuAc(1),H3N4S1,Asn-122,,64,122,1608.4804,1607.582,"3,4,0,1,0,0,0,0,0,0,0,0,0,0",True,Hex:3 HexNAc:4 NeuAc:1,P0DTC2,SPIKE_SARS2
HexNAc(4)Hex(3)NeuAc(1),H3N4S1,Asn-282,,64,282,1608.4804,1607.582,"3,4,0,1,0,0,0,0,0,0,0,0,0,0",True,Hex:3 HexNAc:4 NeuAc:1,P0DTC2,SPIKE_SARS2
HexNAc(5)Hex(6)dHex(1),H6N5F1,Asn-122,G72797UR,583,122,2152.9877,2151.7823,"6,5,1,0,0,0,0,0,0,0,0,0,0,0",True,Hex:6 HexNAc:5 dHex:1,P0DTC2,SPIKE_SARS2
HexNAc(5)Hex(6)dHex(1),H6N5F1,Asn-165,G72797UR,583,165,2152.9877,2151.7823,"6,5,1,0,0,0,0,0,0,0,0,0,0,0",True,Hex:6 HexNAc:5 dHex:1,P0DTC2,SPIKE_SARS2
HexNAc(5)Hex(6)dHex(1),H6N5F1,Asn-657,G72797UR,583,657,2152.9877,2151.7823,"6,5,1,0,0,0,0,0,0,0,0,0,0,0",True,Hex:6 HexNAc:5 dHex:1,P0DTC2,SPIKE_SARS2
HexNAc(5)Hex(6)dHex(1),H6N5F1,Asn-282,G72797UR,583,282,2152.9877,2151.7823,"6,5,1,0,0,0,0,0,0,0,0,0,0,0",True,Hex:6 HexNAc:5 dHex:1,P0DTC2,SPIKE_SARS2
HexNAc(5)Hex(6)dHex(1),H6N5F1,Asn-331,G72797UR,583,331,2152.9877,2151.7823,"6,5,1,0,0,0,0,0,0,0,0,0,0,0",True,Hex:6 HexNAc:5 dHex:1,P0DTC2,SPIKE_SARS2
HexNAc(4)Hex(7)dHex(1),H7N4F1,Asn-122,G66621EA,421,122,2111.9351,2110.7557,"7,4,1,0,0,0,0,0,0,0,0,0,0,0",True,Hex:7 HexNAc:4 dHex:1,P0DTC2,SPIKE_SARS2
HexNAc(4)Hex(7)dHex(1),H7N4F1,Asn-657,G66621EA,421,657,2111.9351,2110.7557,"7,4,1,0,0,0,0,0,0,0,0,0,0,0",True,Hex:7 HexNAc:4 dHex:1,P0DTC2,SPIKE_SARS2
HexNAc(4)Hex(7)dHex(1),H7N4F1,Asn-282,G66621EA,421,282,2111.9351,2110.7557,"7,4,1,0,0,0,0,0,0,0,0,0,0,0",True,Hex:7 HexNAc:4 dHex:1,P0DTC2,SPIKE_SARS2
HexNAc(5)Hex(5)NeuAc(2),H5N5S2,Asn-657,G26403SG,383,657,2427.2181,2425.8624,"5,5,0,2,0,0,0,0,0,0,0,0,0,0",True,Hex:5 HexNAc:5 NeuAc:2,P0DTC2,SPIKE_SARS2
HexNAc(5)Hex(5)NeuAc(2),H5N5S2,Asn-282,G26403SG,383,282,2427.2181,2425.8624,"5,5,0,2,0,0,0,0,0,0,0,0,0,0",True,Hex:5 HexNAc:5 NeuAc:2,P0DTC2,SPIKE_SARS2
HexNAc(5)Hex(5)NeuAc(2),H5N5S2,Asn-122,G26403SG,383,122,2427.2181,2425.8624,"5,5,0,2,0,0,0,0,0,0,0,0,0,0",True,Hex:5 HexNAc:5 NeuAc:2,P0DTC2,SPIKE_SARS2
HexNAc(5)Hex(5)NeuAc(2),H5N5S2,Asn-331,G26403SG,383,331,2427.2181,2425.8624,"5,5,0,2,0,0,0,0,0,0,0,0,0,0",True,Hex:5 HexNAc:5 NeuAc:2,P0DTC2,SPIKE_SARS2
HexNAc(5)Hex(5)NeuAc(2),H5N5S2,Asn-615,G26403SG,383,615,2427.2181,2425.8624,"5,5,0,2,0,0,0,0,0,0,0,0,0,0",True,Hex:5 HexNAc:5 NeuAc:2,P0DTC2,SPIKE_SARS2
HexNAc(5)Hex(5)NeuAc(2),H5N5S2,Asn-165,G26403SG,383,165,2427.2181,2425.8624,"5,5,0,2,0,0,0,0,0,0,0,0,0,0",True,Hex:5 HexNAc:5 NeuAc:2,P0DTC2,SPIKE_SARS2
HexNAc(3)Hex(4)NeuAc(1),H4N3S1,Asn-331,G72291OX,32,331,1567.4278,1566.5554,"4,3,0,1,0,0,0,0,0,0,0,0,0,0",True,Hex:4 HexNAc:3 NeuAc:1,P0DTC2,SPIKE_SARS2
HexNAc(3)Hex(4)NeuAc(1),H4N3S1,Asn-122,G72291OX,32,122,1567.4278,1566.5554,"4,3,0,1,0,0,0,0,0,0,0,0,0,0",True,Hex:4 HexNAc:3 NeuAc:1,P0DTC2,SPIKE_SARS2
HexNAc(3)Hex(4)NeuAc(1),H4N3S1,Asn-602,G72291OX,32,602,1567.4278,1566.5554,"4,3,0,1,0,0,0,0,0,0,0,0,0,0",True,Hex:4 HexNAc:3 NeuAc:1,P0DTC2,SPIKE_SARS2
HexNAc(6)Hex(7)NeuAc(2),H7N6S2,Asn-331,G93656SY,615,331,2954.6979,2953.0474,"7,6,0,2,0,0,0,0,0,0,0,0,0,0",True,Hex:7 HexNAc:6 NeuAc:2,P0DTC2,SPIKE_SARS2
HexNAc(6)Hex(7)NeuAc(2),H7N6S2,Asn-122,G93656SY,615,122,2954.6979,2953.0474,"7,6,0,2,0,0,0,0,0,0,0,0,0,0",True,Hex:7 HexNAc:6 NeuAc:2,P0DTC2,SPIKE_SARS2
HexNAc(6)Hex(7)NeuAc(2),H7N6S2,Asn-282,G93656SY,615,282,2954.6979,2953.0474,"7,6,0,2,0,0,0,0,0,0,0,0,0,0",True,Hex:7 HexNAc:6 NeuAc:2,P0DTC2,SPIKE_SARS2
HexNAc(6)Hex(7)NeuAc(2),H7N6S2,Asn-165,G93656SY,615,165,2954.6979,2953.0474,"7,6,0,2,0,0,0,0,0,0,0,0,0,0",True,Hex:7 HexNAc:6 NeuAc:2,P0DTC2,SPIKE_SARS2
HexNAc(6)Hex(7)NeuAc(2),H7N6S2,Asn-657,G93656SY,615,657,2954.6979,2953.0474,"7,6,0,2,0,0,0,0,0,0,0,0,0,0",True,Hex:7 HexNAc:6 NeuAc:2,P0DTC2,SPIKE_SARS2
HexNAc(6)Hex(7)NeuAc(2),H7N6S2,Asn-343,G93656SY,615,343,2954.6979,2953.0474,"7,6,0,2,0,0,0,0,0,0,0,0,0,0",True,Hex:7 HexNAc:6 NeuAc:2,P0DTC2,SPIKE_SARS2
HexNAc(6)Hex(3),H3N6,Asn-122,G14260UH,551,122,1723.6125,1722.6454,"3,6,0,0,0,0,0,0,0,0,0,0,0,0",True,Hex:3 HexNAc:6,P0DTC2,SPIKE_SARS2
HexNAc(6)Hex(3),H3N6,Asn-282,G14260UH,551,282,1723.6125,1722.6454,"3,6,0,0,0,0,0,0,0,0,0,0,0,0",True,Hex:3 HexNAc:6,P0DTC2,SPIKE_SARS2
HexNAc(6)Hex(6)NeuAc(1),H6N6S1,Asn-122,G02315DX,392,122,2501.2976,2499.8992,"6,6,0,1,0,0,0,0,0,0,0,0,0,0",True,Hex:6 HexNAc:6 NeuAc:1,P0DTC2,SPIKE_SARS2
HexNAc(6)Hex(6)NeuAc(1),H6N6S1,Asn-331,G02315DX,392,331,2501.2976,2499.8992,"6,6,0,1,0,0,0,0,0,0,0,0,0,0",True,Hex:6 HexNAc:6 NeuAc:1,P0DTC2,SPIKE_SARS2
HexNAc(6)Hex(6)NeuAc(1),H6N6S1,Asn-657,G02315DX,392,657,2501.2976,2499.8992,"6,6,0,1,0,0,0,0,0,0,0,0,0,0",True,Hex:6 HexNAc:6 NeuAc:1,P0DTC2,SPIKE_SARS2
HexNAc(6)Hex(6)NeuAc(1),H6N6S1,Asn-282,G02315DX,392,282,2501.2976,2499.8992,"6,6,0,1,0,0,0,0,0,0,0,0,0,0",True,Hex:6 HexNAc:6 NeuAc:1,P0DTC2,SPIKE_SARS2
HexNAc(6)Hex(6)NeuAc(1),H6N6S1,Asn-165,G02315DX,392,165,2501.2976,2499.8992,"6,6,0,1,0,0,0,0,0,0,0,0,0,0",True,Hex:6 HexNAc:6 NeuAc:1,P0DTC2,SPIKE_SARS2
HexNAc(6)Hex(6)NeuAc(1),H6N6S1,Asn-615,G02315DX,392,615,2501.2976,2499.8992,"6,6,0,1,0,0,0,0,0,0,0,0,0,0",True,Hex:6 HexNAc:6 NeuAc:1,P0DTC2,SPIKE_SARS2
HexNAc(4)Hex(5)dHex(1)NeuAc(1),H5N4F1S1,Asn-165,G84452RH,676,165,2078.9082,2077.7455,"5,4,1,1,0,0,0,0,0,0,0,0,0,0",True,Hex:5 HexNAc:4 dHex:1 NeuAc:1,P0DTC2,SPIKE_SARS2
HexNAc(4)Hex(5)dHex(1)NeuAc(1),H5N4F1S1,Asn-657,G84452RH,676,657,2078.9082,2077.7455,"5,4,1,1,0,0,0,0,0,0,0,0,0,0",True,Hex:5 HexNAc:4 dHex:1 NeuAc:1,P0DTC2,SPIKE_SARS2
HexNAc(4)Hex(5)dHex(1)NeuAc(1),H5N4F1S1,Asn-149,G84452RH,676,149,2078.9082,2077.7455,"5,4,1,1,0,0,0,0,0,0,0,0,0,0",True,Hex:5 HexNAc:4 dHex:1 NeuAc:1,P0DTC2,SPIKE_SARS2
HexNAc(4)Hex(5)dHex(1)NeuAc(1),H5N4F1S1,Asn-122,G84452RH,676,122,2078.9082,2077.7455,"5,4,1,1,0,0,0,0,0,0,0,0,0,0",True,Hex:5 HexNAc:4 dHex:1 NeuAc:1,P0DTC2,SPIKE_SARS2
HexNAc(4)Hex(5)dHex(1)NeuAc(1),H5N4F1S1,Asn-331,G84452RH,676,331,2078.9082,2077.7455,"5,4,1,1,0,0,0,0,0,0,0,0,0,0",True,Hex:5 HexNAc:4 dHex:1 NeuAc:1,P0DTC2,SPIKE_SARS2
HexNAc(4)Hex(5)dHex(1)NeuAc(1),H5N4F1S1,Asn-282,G84452RH,676,282,2078.9082,2077.7455,"5,4,1,1,0,0,0,0,0,0,0,0,0,0",True,Hex:5 HexNAc:4 dHex:1 NeuAc:1,P0DTC2,SPIKE_SARS2
HexNAc(2)Hex(9),H9N2,Asn-282,G70101JE,649,282,1883.6869,1882.6446,"9,2,0,0,0,0,0,0,0,0,0,0,0,0",True,Hex:9 HexNAc:2,P0DTC2,SPIKE_SARS2
HexNAc(2)Hex(9),H9N2,Asn-615,G70101JE,649,615,1883.6869,1882.6446,"9,2,0,0,0,0,0,0,0,0,0,0,0,0",True,Hex:9 HexNAc:2,P0DTC2,SPIKE_SARS2
HexNAc(2)Hex(9),H9N2,Asn-165,G70101JE,649,165,1883.6869,1882.6446,"9,2,0,0,0,0,0,0,0,0,0,0,0,0",True,Hex:9 HexNAc:2,P0DTC2,SPIKE_SARS2
HexNAc(2)Hex(9),H9N2,Asn-657,G70101JE,649,657,1883.6869,1882.6446,"9,2,0,0,0,0,0,0,0,0,0,0,0,0",True,Hex:9 HexNAc:2,P0DTC2,SPIKE_SARS2
HexNAc(2)Hex(9),H9N2,Asn-149,G70101JE,649,149,1883.6869,1882.6446,"9,2,0,0,0,0,0,0,0,0,0,0,0,0",True,Hex:9 HexNAc:2,P0DTC2,SPIKE_SARS2
HexNAc(2)Hex(9),H9N2,Asn-331,G70101JE,649,331,1883.6869,1882.6446,"9,2,0,0,0,0,0,0,0,0,0,0,0,0",True,Hex:9 HexNAc:2,P0DTC2,SPIKE_SARS2
HexNAc(2)Hex(9),H9N2,Asn-122,G70101JE,649,122,1883.6869,1882.6446,"9,2,0,0,0,0,0,0,0,0,0,0,0,0",True,Hex:9 HexNAc:2,P0DTC2,SPIKE_SARS2
HexNAc(6)Hex(7)dHex(1)NeuAc(2),H7N6F1S2,Asn-165,G64394MX,273,165,3100.8409,3099.1053,"7,6,1,2,0,0,0,0,0,0,0,0,0,0",True,Hex:7 HexNAc:6 dHex:1 NeuAc:2,P0DTC2,SPIKE_SARS2
HexNAc(6)Hex(7)dHex(1)NeuAc(2),H7N6F1S2,Asn-331,G64394MX,273,331,3100.8409,3099.1053,"7,6,1,2,0,0,0,0,0,0,0,0,0,0",True,Hex:7 HexNAc:6 dHex:1 NeuAc:2,P0DTC2,SPIKE_SARS2
HexNAc(6)Hex(7)dHex(1)NeuAc(2),H7N6F1S2,Asn-657,G64394MX,273,657,3100.8409,3099.1053,"7,6,1,2,0,0,0,0,0,0,0,0,0,0",True,Hex:7 HexNAc:6 dHex:1 NeuAc:2,P0DTC2,SPIKE_SARS2
HexNAc(6)Hex(7)dHex(1)NeuAc(2),H7N6F1S2,Asn-122,G64394MX,273,122,3100.8409,3099.1053,"7,6,1,2,0,0,0,0,0,0,0,0,0,0",True,Hex:7 HexNAc:6 dHex:1 NeuAc:2,P0DTC2,SPIKE_SARS2
HexNAc(6)Hex(7)dHex(1)NeuAc(2),H7N6F1S2,Asn-282,G64394MX,273,282,3100.8409,3099.1053,"7,6,1,2,0,0,0,0,0,0,0,0,0,0",True,Hex:7 HexNAc:6 dHex:1 NeuAc:2,P0DTC2,SPIKE_SARS2
HexNAc(6)Hex(7)dHex(1)NeuAc(2),H7N6F1S2,Asn-149,G64394MX,273,149,3100.8409,3099.1053,"7,6,1,2,0,0,0,0,0,0,0,0,0,0",True,Hex:7 HexNAc:6 dHex:1 NeuAc:2,P0DTC2,SPIKE_SARS2
HexNAc(4)Hex(7)NeuAc(1),H7N4S1,Asn-657,G86226EA,259,657,2257.05,2255.7932,"7,4,0,1,0,0,0,0,0,0,0,0,0,0",True,Hex:7 HexNAc:4 NeuAc:1,P0DTC2,SPIKE_SARS2
HexNAc(4)Hex(7)NeuAc(1),H7N4S1,Asn-165,G86226EA,259,165,2257.05,2255.7932,"7,4,0,1,0,0,0,0,0,0,0,0,0,0",True,Hex:7 HexNAc:4 NeuAc:1,P0DTC2,SPIKE_SARS2
HexNAc(4)Hex(7)NeuAc(1),H7N4S1,Asn-122,G86226EA,259,122,2257.05,2255.7932,"7,4,0,1,0,0,0,0,0,0,0,0,0,0",True,Hex:7 HexNAc:4 NeuAc:1,P0DTC2,SPIKE_SARS2
HexNAc(2)Hex(4)dHex(1),H4N2F1,Asn-122,G00406II,345,122,1219.1179,1218.4385,"4,2,1,0,0,0,0,0,0,0,0,0,0,0",True,Hex:4 HexNAc:2 dHex:1,P0DTC2,SPIKE_SARS2
HexNAc(2)Hex(4)dHex(1),H4N2F1,Asn-331,G00406II,345,331,1219.1179,1218.4385,"4,2,1,0,0,0,0,0,0,0,0,0,0,0",True,Hex:4 HexNAc:2 dHex:1,P0DTC2,SPIKE_SARS2
HexNAc(4)Hex(5)dHex(1)NeuAc(2),H5N4F1S2,Asn-657,G22310AV,448,657,2370.1661,2368.8409,"5,4,1,2,0,0,0,0,0,0,0,0,0,0",True,Hex:5 HexNAc:4 dHex:1 NeuAc:2,P0DTC2,SPIKE_SARS2
HexNAc(4)Hex(5)dHex(1)NeuAc(2),H5N4F1S2,Asn-331,G22310AV,448,331,2370.1661,2368.8409,"5,4,1,2,0,0,0,0,0,0,0,0,0,0",True,Hex:5 HexNAc:4 dHex:1 NeuAc:2,P0DTC2,SPIKE_SARS2
HexNAc(4)Hex(5)dHex(1)NeuAc(2),H5N4F1S2,Asn-165,G22310AV,448,165,2370.1661,2368.8409,"5,4,1,2,0,0,0,0,0,0,0,0,0,0",True,Hex:5 HexNAc:4 dHex:1 NeuAc:2,P0DTC2,SPIKE_SARS2
HexNAc(4)Hex(5)dHex(1)NeuAc(2),H5N4F1S2,Asn-282,G22310AV,448,282,2370.1661,2368.8409,"5,4,1,2,0,0,0,0,0,0,0,0,0,0",True,Hex:5 HexNAc:4 dHex:1 NeuAc:2,P0DTC2,SPIKE_SARS2
HexNAc(4)Hex(5)dHex(1)NeuAc(2),H5N4F1S2,Asn-122,G22310AV,448,122,2370.1661,2368.8409,"5,4,1,2,0,0,0,0,0,0,0,0,0,0",True,Hex:5 HexNAc:4 dHex:1 NeuAc:2,P0DTC2,SPIKE_SARS2
HexNAc(4)Hex(5)dHex(1)NeuAc(2),H5N4F1S2,Asn-615,G22310AV,448,615,2370.1661,2368.8409,"5,4,1,2,0,0,0,0,0,0,0,0,0,0",True,Hex:5 HexNAc:4 dHex:1 NeuAc:2,P0DTC2,SPIKE_SARS2
HexNAc(4)Hex(5)dHex(1)NeuAc(2),H5N4F1S2,Asn-149,G22310AV,448,149,2370.1661,2368.8409,"5,4,1,2,0,0,0,0,0,0,0,0,0,0",True,Hex:5 HexNAc:4 dHex:1 NeuAc:2,P0DTC2,SPIKE_SARS2
HexNAc(4)Hex(5)dHex(1)NeuAc(2),H5N4F1S2,Asn-234,G22310AV,448,234,2370.1661,2368.8409,"5,4,1,2,0,0,0,0,0,0,0,0,0,0",True,Hex:5 HexNAc:4 dHex:1 NeuAc:2,P0DTC2,SPIKE_SARS2
HexNAc(2)Hex(8),H8N2,Asn-122,G64527OM,691,122,1721.5445,1720.5918,"8,2,0,0,0,0,0,0,0,0,0,0,0,0",True,Hex:8 HexNAc:2,P0DTC2,SPIKE_SARS2
HexNAc(2)Hex(8),H8N2,Asn-657,G64527OM,691,657,1721.5445,1720.5918,"8,2,0,0,0,0,0,0,0,0,0,0,0,0",True,Hex:8 HexNAc:2,P0DTC2,SPIKE_SARS2
HexNAc(2)Hex(8),H8N2,Asn-331,G64527OM,691,331,1721.5445,1720.5918,"8,2,0,0,0,0,0,0,0,0,0,0,0,0",True,Hex:8 HexNAc:2,P0DTC2,SPIKE_SARS2
HexNAc(2)Hex(8),H8N2,Asn-282,G64527OM,691,282,1721.5445,1720.5918,"8,2,0,0,0,0,0,0,0,0,0,0,0,0",True,Hex:8 HexNAc:2,P0DTC2,SPIKE_SARS2
HexNAc(2)Hex(8),H8N2,Asn-165,G64527OM,691,165,1721.5445,1720.5918,"8,2,0,0,0,0,0,0,0,0,0,0,0,0",True,Hex:8 HexNAc:2,P0DTC2,SPIKE_SARS2
HexNAc(6)Hex(7)NeuAc(3),H7N6S3,Asn-657,G12793SR,155,657,3245.9558,3244.1428,"7,6,0,3,0,0,0,0,0,0,0,0,0,0",True,Hex:7 HexNAc:6 NeuAc:3,P0DTC2,SPIKE_SARS2
HexNAc(6)Hex(7)NeuAc(3),H7N6S3,Asn-165,G12793SR,155,165,3245.9558,3244.1428,"7,6,0,3,0,0,0,0,0,0,0,0,0,0",True,Hex:7 HexNAc:6 NeuAc:3,P0DTC2,SPIKE_SARS2
HexNAc(6)Hex(7)NeuAc(3),H7N6S3,Asn-122,G12793SR,155,122,3245.9558,3244.1428,"7,6,0,3,0,0,0,0,0,0,0,0,0,0",True,Hex:7 HexNAc:6 NeuAc:3,P0DTC2,SPIKE_SARS2
HexNAc(6)Hex(7)NeuAc(3),H7N6S3,Asn-282,G12793SR,155,282,3245.9558,3244.1428,"7,6,0,3,0,0,0,0,0,0,0,0,0,0",True,Hex:7 HexNAc:6 NeuAc:3,P0DTC2,SPIKE_SARS2
HexNAc(5)Hex(6)NeuAc(2),H6N5S2,Asn-331,G52527GH,427,331,2589.3605,2587.9152,"6,5,0,2,0,0,0,0,0,0,0,0,0,0",True,Hex:6 HexNAc:5 NeuAc:2,P0DTC2,SPIKE_SARS2
HexNAc(5)Hex(6)NeuAc(2),H6N5S2,Asn-282,G52527GH,427,282,2589.3605,2587.9152,"6,5,0,2,0,0,0,0,0,0,0,0,0,0",True,Hex:6 HexNAc:5 NeuAc:2,P0DTC2,SPIKE_SARS2
HexNAc(5)Hex(6)NeuAc(2),H6N5S2,Asn-122,G52527GH,427,122,2589.3605,2587.9152,"6,5,0,2,0,0,0,0,0,0,0,0,0,0",True,Hex:6 HexNAc:5 NeuAc:2,P0DTC2,SPIKE_SARS2
HexNAc(5)Hex(6)NeuAc(2),H6N5S2,Asn-165,G52527GH,427,165,2589.3605,2587.9152,"6,5,0,2,0,0,0,0,0,0,0,0,0,0",True,Hex:6 HexNAc:5 NeuAc:2,P0DTC2,SPIKE_SARS2
HexNAc(5)Hex(6)NeuAc(2),H6N5S2,Asn-615,G52527GH,427,615,2589.3605,2587.9152,"6,5,0,2,0,0,0,0,0,0,0,0,0,0",True,Hex:6 HexNAc:5 NeuAc:2,P0DTC2,SPIKE_SARS2
HexNAc(5)Hex(6)NeuAc(2),H6N5S2,Asn-657,G52527GH,427,657,2589.3605,2587.9152,"6,5,0,2,0,0,0,0,0,0,0,0,0,0",True,Hex:6 HexNAc:5 NeuAc:2,P0DTC2,SPIKE_SARS2
HexNAc(5)Hex(6)NeuAc(2),H6N5S2,Asn-149,G52527GH,427,149,2589.3605,2587.9152,"6,5,0,2,0,0,0,0,0,0,0,0,0,0",True,Hex:6 HexNAc:5 NeuAc:2,P0DTC2,SPIKE_SARS2
HexNAc(3)Hex(4)dHex(1)NeuAc(1),H4N3F1S1,Asn-122,G11870QZ,286,122,1713.5708,1712.6133,"4,3,1,1,0,0,0,0,0,0,0,0,0,0",True,Hex:4 HexNAc:3 dHex:1 NeuAc:1,P0DTC2,SPIKE_SARS2
HexNAc(3)Hex(4)dHex(1)NeuAc(1),H4N3F1S1,Asn-165,G11870QZ,286,165,1713.5708,1712.6133,"4,3,1,1,0,0,0,0,0,0,0,0,0,0",True,Hex:4 HexNAc:3 dHex:1 NeuAc:1,P0DTC2,SPIKE_SARS2
HexNAc(3)Hex(4)dHex(1)NeuAc(1),H4N3F1S1,Asn-657,G11870QZ,286,657,1713.5708,1712.6133,"4,3,1,1,0,0,0,0,0,0,0,0,0,0",True,Hex:4 HexNAc:3 dHex:1 NeuAc:1,P0DTC2,SPIKE_SARS2
HexNAc(3)Hex(4)dHex(1)NeuAc(1),H4N3F1S1,Asn-282,G11870QZ,286,282,1713.5708,1712.6133,"4,3,1,1,0,0,0,0,0,0,0,0,0,0",True,Hex:4 HexNAc:3 dHex:1 NeuAc:1,P0DTC2,SPIKE_SARS2
HexNAc(6)Hex(4)NeuAc(1),H4N6S1,Asn-657,G99966GV,483,657,2177.0128,2175.7936,"4,6,0,1,0,0,0,0,0,0,0,0,0,0",True,Hex:4 HexNAc:6 NeuAc:1,P0DTC2,SPIKE_SARS2
HexNAc(6)Hex(4)NeuAc(1),H4N6S1,Asn-282,G99966GV,483,282,2177.0128,2175.7936,"4,6,0,1,0,0,0,0,0,0,0,0,0,0",True,Hex:4 HexNAc:6 NeuAc:1,P0DTC2,SPIKE_SARS2
HexNAc(6)Hex(4)NeuAc(1),H4N6S1,Asn-122,G99966GV,483,122,2177.0128,2175.7936,"4,6,0,1,0,0,0,0,0,0,0,0,0,0",True,Hex:4 HexNAc:6 NeuAc:1,P0DTC2,SPIKE_SARS2
HexNAc(6)Hex(4)NeuAc(1),H4N6S1,Asn-165,G99966GV,483,165,2177.0128,2175.7936,"4,6,0,1,0,0,0,0,0,0,0,0,0,0",True,Hex:4 HexNAc:6 NeuAc:1,P0DTC2,SPIKE_SARS2
HexNAc(3)Hex(5)dHex(1),H5N3F1,Asn-122,G82119TF,161,122,1584.4553,1583.5707,"5,3,1,0,0,0,0,0,0,0,0,0,0,0",True,Hex:5 HexNAc:3 dHex:1,P0DTC2,SPIKE_SARS2
HexNAc(3)Hex(5)dHex(1),H5N3F1,Asn-657,G82119TF,161,657,1584.4553,1583.5707,"5,3,1,0,0,0,0,0,0,0,0,0,0,0",True,Hex:5 HexNAc:3 dHex:1,P0DTC2,SPIKE_SARS2
HexNAc(3)Hex(5)dHex(1),H5N3F1,Asn-282,G82119TF,161,282,1584.4553,1583.5707,"5,3,1,0,0,0,0,0,0,0,0,0,0,0",True,Hex:5 HexNAc:3 dHex:1,P0DTC2,SPIKE_SARS2
HexNAc(3)Hex(5)dHex(1),H5N3F1,Asn-165,G82119TF,161,165,1584.4553,1583.5707,"5,3,1,0,0,0,0,0,0,0,0,0,0,0",True,Hex:5 HexNAc:3 dHex:1,P0DTC2,SPIKE_SARS2
HexNAc(3)Hex(5)dHex(1),H5N3F1,Asn-615,G82119TF,161,615,1584.4553,1583.5707,"5,3,1,0,0,0,0,0,0,0,0,0,0,0",True,Hex:5 HexNAc:3 dHex:1,P0DTC2,SPIKE_SARS2
HexNAc(3)Hex(5)dHex(1),H5N3F1,Asn-149,G82119TF,161,149,1584.4553,1583.5707,"5,3,1,0,0,0,0,0,0,0,0,0,0,0",True,Hex:5 HexNAc:3 dHex:1,P0DTC2,SPIKE_SARS2
HexNAc(3)Hex(5)dHex(1),H5N3F1,Asn-331,G82119TF,161,331,1584.4553,1583.5707,"5,3,1,0,0,0,0,0,0,0,0,0,0,0",True,Hex:5 HexNAc:3 dHex:1,P0DTC2,SPIKE_SARS2
HexNAc(3)Hex(6),H6N3,Asn-165,G72735IY,558,165,1600.4547,1599.5656,"6,3,0,0,0,0,0,0,0,0,0,0,0,0",True,Hex:6 HexNAc:3,P0DTC2,SPIKE_SARS2
HexNAc(3)Hex(6),H6N3,Asn-122,G72735IY,558,122,1600.4547,1599.5656,"6,3,0,0,0,0,0,0,0,0,0,0,0,0",True,Hex:6 HexNAc:3,P0DTC2,SPIKE_SARS2
HexNAc(3)Hex(6),H6N3,Asn-282,G72735IY,558,282,1600.4547,1599.5656,"6,3,0,0,0,0,0,0,0,0,0,0,0,0",True,Hex:6 HexNAc:3,P0DTC2,SPIKE_SARS2
HexNAc(3)Hex(6),H6N3,Asn-657,G72735IY,558,657,1600.4547,1599.5656,"6,3,0,0,0,0,0,0,0,0,0,0,0,0",True,Hex:6 HexNAc:3,P0DTC2,SPIKE_SARS2
HexNAc(3)Hex(6),H6N3,Asn-615,G72735IY,558,615,1600.4547,1599.5656,"6,3,0,0,0,0,0,0,0,0,0,0,0,0",True,Hex:6 HexNAc:3,P0DTC2,SPIKE_SARS2
HexNAc(3)Hex(6),H6N3,Asn-331,G72735IY,558,331,1600.4547,1599.5656,"6,3,0,0,0,0,0,0,0,0,0,0,0,0",True,Hex:6 HexNAc:3,P0DTC2,SPIKE_SARS2
HexNAc(4)Hex(5)NeuAc(1),H5N4S1,Asn-122,G06356OH,393,122,1932.7652,1931.6876,"5,4,0,1,0,0,0,0,0,0,0,0,0,0",True,Hex:5 HexNAc:4 NeuAc:1,P0DTC2,SPIKE_SARS2
HexNAc(4)Hex(5)NeuAc(1),H5N4S1,Asn-282,G06356OH,393,282,1932.7652,1931.6876,"5,4,0,1,0,0,0,0,0,0,0,0,0,0",True,Hex:5 HexNAc:4 NeuAc:1,P0DTC2,SPIKE_SARS2
HexNAc(4)Hex(5)NeuAc(1),H5N4S1,Asn-657,G06356OH,393,657,1932.7652,1931.6876,"5,4,0,1,0,0,0,0,0,0,0,0,0,0",True,Hex:5 HexNAc:4 NeuAc:1,P0DTC2,SPIKE_SARS2
HexNAc(4)Hex(5)NeuAc(1),H5N4S1,Asn-165,G06356OH,393,165,1932.7652,1931.6876,"5,4,0,1,0,0,0,0,0,0,0,0,0,0",True,Hex:5 HexNAc:4 NeuAc:1,P0DTC2,SPIKE_SARS2
HexNAc(4)Hex(5)NeuAc(1),H5N4S1,Asn-331,G06356OH,393,331,1932.7652,1931.6876,"5,4,0,1,0,0,0,0,0,0,0,0,0,0",True,Hex:5 HexNAc:4 NeuAc:1,P0DTC2,SPIKE_SARS2
HexNAc(4)Hex(5)NeuAc(1),H5N4S1,Asn-149,G06356OH,393,149,1932.7652,1931.6876,"5,4,0,1,0,0,0,0,0,0,0,0,0,0",True,Hex:5 HexNAc:4 NeuAc:1,P0DTC2,SPIKE_SARS2
HexNAc(4)Hex(7),H7N4,Asn-122,G76613WN,698,122,1965.7921,1964.6978,"7,4,0,0,0,0,0,0,0,0,0,0,0,0",True,Hex:7 HexNAc:4,P0DTC2,SPIKE_SARS2
HexNAc(4)Hex(7),H7N4,Asn-165,G76613WN,698,165,1965.7921,1964.6978,"7,4,0,0,0,0,0,0,0,0,0,0,0,0",True,Hex:7 HexNAc:4,P0DTC2,SPIKE_SARS2
HexNAc(2)Hex(5),H5N2,Asn-282,G06110VR,11,282,1235.1173,1234.4334,"5,2,0,0,0,0,0,0,0,0,0,0,0,0",True,Hex:5 HexNAc:2,P0DTC2,SPIKE_SARS2
HexNAc(2)Hex(5),H5N2,Asn-602,G06110VR,11,602,1235.1173,1234.4334,"5,2,0,0,0,0,0,0,0,0,0,0,0,0",True,Hex:5 HexNAc:2,P0DTC2,SPIKE_SARS2
HexNAc(2)Hex(5),H5N2,Asn-165,G06110VR,11,165,1235.1173,1234.4334,"5,2,0,0,0,0,0,0,0,0,0,0,0,0",True,Hex:5 HexNAc:2,P0DTC2,SPIKE_SARS2
HexNAc(2)Hex(5),H5N2,Asn-657,G06110VR,11,657,1235.1173,1234.4334,"5,2,0,0,0,0,0,0,0,0,0,0,0,0",True,Hex:5 HexNAc:2,P0DTC2,SPIKE_SARS2
HexNAc(2)Hex(5),H5N2,Asn-122,G06110VR,11,122,1235.1173,1234.4334,"5,2,0,0,0,0,0,0,0,0,0,0,0,0",True,Hex:5 HexNAc:2,P0DTC2,SPIKE_SARS2
HexNAc(2)Hex(5),H5N2,Asn-331,G06110VR,11,331,1235.1173,1234.4334,"5,2,0,0,0,0,0,0,0,0,0,0,0,0",True,Hex:5 HexNAc:2,P0DTC2,SPIKE_SARS2
HexNAc(2)Hex(5),H5N2,Asn-615,G06110VR,11,615,1235.1173,1234.4334,"5,2,0,0,0,0,0,0,0,0,0,0,0,0",True,Hex:5 HexNAc:2,P0DTC2,SPIKE_SARS2
HexNAc(2)Hex(5),H5N2,Asn-149,G06110VR,11,149,1235.1173,1234.4334,"5,2,0,0,0,0,0,0,0,0,0,0,0,0",True,Hex:5 HexNAc:2,P0DTC2,SPIKE_SARS2
HexNAc(5)Hex(6)dHex(1)NeuAc(3),H6N5F1S3,Asn-149,G15169WU,627,149,3026.7614,3025.0685,"6,5,1,3,0,0,0,0,0,0,0,0,0,0",True,Hex:6 HexNAc:5 dHex:1 NeuAc:3,P0DTC2,SPIKE_SARS2
HexNAc(5)Hex(6)dHex(1)NeuAc(3),H6N5F1S3,Asn-234,G15169WU,627,234,3026.7614,3025.0685,"6,5,1,3,0,0,0,0,0,0,0,0,0,0",True,Hex:6 HexNAc:5 dHex:1 NeuAc:3,P0DTC2,SPIKE_SARS2
HexNAc(5)Hex(6)dHex(1)NeuAc(3),H6N5F1S3,Asn-657,G15169WU,627,657,3026.7614,3025.0685,"6,5,1,3,0,0,0,0,0,0,0,0,0,0",True,Hex:6 HexNAc:5 dHex:1 NeuAc:3,P0DTC2,SPIKE_SARS2
HexNAc(5)Hex(6)dHex(1)NeuAc(3),H6N5F1S3,Asn-122,G15169WU,627,122,3026.7614,3025.0685,"6,5,1,3,0,0,0,0,0,0,0,0,0,0",True,Hex:6 HexNAc:5 dHex:1 NeuAc:3,P0DTC2,SPIKE_SARS2
HexNAc(5)Hex(6)dHex(1)NeuAc(3),H6N5F1S3,Asn-165,G15169WU,627,165,3026.7614,3025.0685,"6,5,1,3,0,0,0,0,0,0,0,0,0,0",True,Hex:6 HexNAc:5 dHex:1 NeuAc:3,P0DTC2,SPIKE_SARS2
HexNAc(5)Hex(6)dHex(1)NeuAc(3),H6N5F1S3,Asn-331,G15169WU,627,331,3026.7614,3025.0685,"6,5,1,3,0,0,0,0,0,0,0,0,0,0",True,Hex:6 HexNAc:5 dHex:1 NeuAc:3,P0DTC2,SPIKE_SARS2
HexNAc(5)Hex(6)dHex(1)NeuAc(3),H6N5F1S3,Asn-282,G15169WU,627,282,3026.7614,3025.0685,"6,5,1,3,0,0,0,0,0,0,0,0,0,0",True,Hex:6 HexNAc:5 dHex:1 NeuAc:3,P0DTC2,SPIKE_SARS2
HexNAc(3)Hex(3),H3N3,Asn-331,G60145BJ,574,331,1114.0275,1113.4072,"3,3,0,0,0,0,0,0,0,0,0,0,0,0",True,Hex:3 HexNAc:3,P0DTC2,SPIKE_SARS2
HexNAc(3)Hex(3),H3N3,Asn-122,G60145BJ,574,122,1114.0275,1113.4072,"3,3,0,0,0,0,0,0,0,0,0,0,0,0",True,Hex:3 HexNAc:3,P0DTC2,SPIKE_SARS2
HexNAc(3)Hex(3),H3N3,Asn-165,G60145BJ,574,165,1114.0275,1113.4072,"3,3,0,0,0,0,0,0,0,0,0,0,0,0",True,Hex:3 HexNAc:3,P0DTC2,SPIKE_SARS2
HexNAc(4)Hex(3),H3N4,Asn-282,,500,282,1317.2225,1316.4866,"3,4,0,0,0,0,0,0,0,0,0,0,0,0",True,Hex:3 HexNAc:4,P0DTC2,SPIKE_SARS2
HexNAc(4)Hex(3),H3N4,Asn-657,,500,657,1317.2225,1316.4866,"3,4,0,0,0,0,0,0,0,0,0,0,0,0",True,Hex:3 HexNAc:4,P0DTC2,SPIKE_SARS2
HexNAc(4)Hex(3),H3N4,Asn-122,,500,122,1317.2225,1316.4866,"3,4,0,0,0,0,0,0,0,0,0,0,0,0",True,Hex:3 HexNAc:4,P0DTC2,SPIKE_SARS2
HexNAc(4)Hex(3),H3N4,Asn-331,,500,331,1317.2225,1316.4866,"3,4,0,0,0,0,0,0,0,0,0,0,0,0",True,Hex:3 HexNAc:4,P0DTC2,SPIKE_SARS2
HexNAc(4)Hex(3),H3N4,Asn-165,,500,165,1317.2225,1316.4866,"3,4,0,0,0,0,0,0,0,0,0,0,0,0",True,Hex:3 HexNAc:4,P0DTC2,SPIKE_SARS2
HexNAc(5)Hex(6),H6N5,Asn-282,G20425TQ,240,282,2006.8447,2005.7244,"6,5,0,0,0,0,0,0,0,0,0,0,0,0",True,Hex:6 HexNAc:5,P0DTC2,SPIKE_SARS2
HexNAc(5)Hex(6),H6N5,Asn-122,G20425TQ,240,122,2006.8447,2005.7244,"6,5,0,0,0,0,0,0,0,0,0,0,0,0",True,Hex:6 HexNAc:5,P0DTC2,SPIKE_SARS2
HexNAc(5)Hex(6),H6N5,Asn-657,G20425TQ,240,657,2006.8447,2005.7244,"6,5,0,0,0,0,0,0,0,0,0,0,0,0",True,Hex:6 HexNAc:5,P0DTC2,SPIKE_SARS2
HexNAc(3)Hex(3)dHex(1),H3N3F1,Asn-122,G94854LT,202,122,1260.1705,1259.4651,"3,3,1,0,0,0,0,0,0,0,0,0,0,0",True,Hex:3 HexNAc:3 dHex:1,P0DTC2,SPIKE_SARS2
HexNAc(3)Hex(3)dHex(1),H3N3F1,Asn-331,G94854LT,202,331,1260.1705,1259.4651,"3,3,1,0,0,0,0,0,0,0,0,0,0,0",True,Hex:3 HexNAc:3 dHex:1,P0DTC2,SPIKE_SARS2
HexNAc(5)Hex(5)dHex(1)NeuAc(2),H5N5F1S2,Asn-331,G91473PK,678,331,2573.3611,2571.9203,"5,5,1,2,0,0,0,0,0,0,0,0,0,0",True,Hex:5 HexNAc:5 dHex:1 NeuAc:2,P0DTC2,SPIKE_SARS2
HexNAc(5)Hex(5)dHex(1)NeuAc(2),H5N5F1S2,Asn-282,G91473PK,678,282,2573.3611,2571.9203,"5,5,1,2,0,0,0,0,0,0,0,0,0,0",True,Hex:5 HexNAc:5 dHex:1 NeuAc:2,P0DTC2,SPIKE_SARS2
HexNAc(5)Hex(5)dHex(1)NeuAc(2),H5N5F1S2,Asn-165,G91473PK,678,165,2573.3611,2571.9203,"5,5,1,2,0,0,0,0,0,0,0,0,0,0",True,Hex:5 HexNAc:5 dHex:1 NeuAc:2,P0DTC2,SPIKE_SARS2
HexNAc(5)Hex(5)dHex(1)NeuAc(2),H5N5F1S2,Asn-122,G91473PK,678,122,2573.3611,2571.9203,"5,5,1,2,0,0,0,0,0,0,0,0,0,0",True,Hex:5 HexNAc:5 dHex:1 NeuAc:2,P0DTC2,SPIKE_SARS2
HexNAc(5)Hex(5)dHex(1)NeuAc(2),H5N5F1S2,Asn-657,G91473PK,678,657,2573.3611,2571.9203,"5,5,1,2,0,0,0,0,0,0,0,0,0,0",True,Hex:5 HexNAc:5 dHex:1 NeuAc:2,P0DTC2,SPIKE_SARS2
HexNAc(5)Hex(5)dHex(1)NeuAc(2),H5N5F1S2,Asn-615,G91473PK,678,615,2573.3611,2571.9203,"5,5,1,2,0,0,0,0,0,0,0,0,0,0",True,Hex:5 HexNAc:5 dHex:1 NeuAc:2,P0DTC2,SPIKE_SARS2
HexNAc(5)Hex(3)dHex(1),H3N5F1,Asn-657,G10256JP,538,657,1666.5605,1665.6239,"3,5,1,0,0,0,0,0,0,0,0,0,0,0",True,Hex:3 HexNAc:5 dHex:1,P0DTC2,SPIKE_SARS2
HexNAc(5)Hex(3)dHex(1),H3N5F1,Asn-282,G10256JP,538,282,1666.5605,1665.6239,"3,5,1,0,0,0,0,0,0,0,0,0,0,0",True,Hex:3 HexNAc:5 dHex:1,P0DTC2,SPIKE_SARS2
HexNAc(5)Hex(3)dHex(1),H3N5F1,Asn-122,G10256JP,538,122,1666.5605,1665.6239,"3,5,1,0,0,0,0,0,0,0,0,0,0,0",True,Hex:3 HexNAc:5 dHex:1,P0DTC2,SPIKE_SARS2
HexNAc(5)Hex(3)dHex(1),H3N5F1,Asn-165,G10256JP,538,165,1666.5605,1665.6239,"3,5,1,0,0,0,0,0,0,0,0,0,0,0",True,Hex:3 HexNAc:5 dHex:1,P0DTC2,SPIKE_SARS2
HexNAc(5)Hex(3)dHex(1),H3N5F1,Asn-331,G10256JP,538,331,1666.5605,1665.6239,"3,5,1,0,0,0,0,0,0,0,0,0,0,0",True,Hex:3 HexNAc:5 dHex:1,P0DTC2,SPIKE_SARS2
HexNAc(5)Hex(4)NeuAc(1),H4N5S1,Asn-165,G24835MQ,170,165,1973.8178,1972.7142,"4,5,0,1,0,0,0,0,0,0,0,0,0,0",True,Hex:4 HexNAc:5 NeuAc:1,P0DTC2,SPIKE_SARS2
HexNAc(5)Hex(4)NeuAc(1),H4N5S1,Asn-122,G24835MQ,170,122,1973.8178,1972.7142,"4,5,0,1,0,0,0,0,0,0,0,0,0,0",True,Hex:4 HexNAc:5 NeuAc:1,P0DTC2,SPIKE_SARS2
HexNAc(5)Hex(4)NeuAc(1),H4N5S1,Asn-657,G24835MQ,170,657,1973.8178,1972.7142,"4,5,0,1,0,0,0,0,0,0,0,0,0,0",True,Hex:4 HexNAc:5 NeuAc:1,P0DTC2,SPIKE_SARS2
HexNAc(5)Hex(4)NeuAc(1),H4N5S1,Asn-149,G24835MQ,170,149,1973.8178,1972.7142,"4,5,0,1,0,0,0,0,0,0,0,0,0,0",True,Hex:4 HexNAc:5 NeuAc:1,P0DTC2,SPIKE_SARS2
HexNAc(5)Hex(4)NeuAc(1),H4N5S1,Asn-282,G24835MQ,170,282,1973.8178,1972.7142,"4,5,0,1,0,0,0,0,0,0,0,0,0,0",True,Hex:4 HexNAc:5 NeuAc:1,P0DTC2,SPIKE_SARS2
HexNAc(5)Hex(4)NeuAc(1),H4N5S1,Asn-331,G24835MQ,170,331,1973.8178,1972.7142,"4,5,0,1,0,0,0,0,0,0,0,0,0,0",True,Hex:4 HexNAc:5 NeuAc:1,P0DTC2,SPIKE_SARS2
HexNAc(5)Hex(3),H3N5,Asn-122,G31936TA,749,122,1520.4175,1519.566,"3,5,0,0,0,0,0,0,0,0,0,0,0,0",True,Hex:3 HexNAc:5,P0DTC2,SPIKE_SARS2
HexNAc(5)Hex(3),H3N5,Asn-282,G31936TA,749,282,1520.4175,1519.566,"3,5,0,0,0,0,0,0,0,0,0,0,0,0",True,Hex:3 HexNAc:5,P0DTC2,SPIKE_SARS2
HexNAc(5)Hex(3),H3N5,Asn-657,G31936TA,749,657,1520.4175,1519.566,"3,5,0,0,0,0,0,0,0,0,0,0,0,0",True,Hex:3 HexNAc:5,P0DTC2,SPIKE_SARS2
HexNAc(4)Hex(6),H6N4,Asn-282,G65092SV,600,282,1803.6497,1802.645,"6,4,0,0,0,0,0,0,0,0,0,0,0,0",True,Hex:6 HexNAc:4,P0DTC2,SPIKE_SARS2
HexNAc(4)Hex(6),H6N4,Asn-657,G65092SV,600,657,1803.6497,1802.645,"6,4,0,0,0,0,0,0,0,0,0,0,0,0",True,Hex:6 HexNAc:4,P0DTC2,SPIKE_SARS2
HexNAc(4)Hex(6),H6N4,Asn-122,G65092SV,600,122,1803.6497,1802.645,"6,4,0,0,0,0,0,0,0,0,0,0,0,0",True,Hex:6 HexNAc:4,P0DTC2,SPIKE_SARS2
HexNAc(4)Hex(6),H6N4,Asn-165,G65092SV,600,165,1803.6497,1802.645,"6,4,0,0,0,0,0,0,0,0,0,0,0,0",True,Hex:6 HexNAc:4,P0DTC2,SPIKE_SARS2
HexNAc(4)Hex(5),H5N4,Asn-122,G50045TK,9,122,1641.5073,1640.5922,"5,4,0,0,0,0,0,0,0,0,0,0,0,0",True,Hex:5 HexNAc:4,P0DTC2,SPIKE_SARS2
HexNAc(4)Hex(5),H5N4,Asn-282,G50045TK,9,282,1641.5073,1640.5922,"5,4,0,0,0,0,0,0,0,0,0,0,0,0",True,Hex:5 HexNAc:4,P0DTC2,SPIKE_SARS2
HexNAc(4)Hex(5),H5N4,Asn-657,G50045TK,9,657,1641.5073,1640.5922,"5,4,0,0,0,0,0,0,0,0,0,0,0,0",True,Hex:5 HexNAc:4,P0DTC2,SPIKE_SARS2
HexNAc(4)Hex(5),H5N4,Asn-165,G50045TK,9,165,1641.5073,1640.5922,"5,4,0,0,0,0,0,0,0,0,0,0,0,0",True,Hex:5 HexNAc:4,P0DTC2,SPIKE_SARS2
HexNAc(4)Hex(5),H5N4,Asn-331,G50045TK,9,331,1641.5073,1640.5922,"5,4,0,0,0,0,0,0,0,0,0,0,0,0",True,Hex:5 HexNAc:4,P0DTC2,SPIKE_SARS2
HexNAc(2)Hex(6),H6N2,Asn-122,G39188ZX,603,122,1397.2597,1396.4862,"6,2,0,0,0,0,0,0,0,0,0,0,0,0",True,Hex:6 HexNAc:2,P0DTC2,SPIKE_SARS2
HexNAc(2)Hex(6),H6N2,Asn-282,G39188ZX,603,282,1397.2597,1396.4862,"6,2,0,0,0,0,0,0,0,0,0,0,0,0",True,Hex:6 HexNAc:2,P0DTC2,SPIKE_SARS2
HexNAc(2)Hex(6),H6N2,Asn-165,G39188ZX,603,165,1397.2597,1396.4862,"6,2,0,0,0,0,0,0,0,0,0,0,0,0",True,Hex:6 HexNAc:2,P0DTC2,SPIKE_SARS2
HexNAc(2)Hex(6),H6N2,Asn-149,G39188ZX,603,149,1397.2597,1396.4862,"6,2,0,0,0,0,0,0,0,0,0,0,0,0",True,Hex:6 HexNAc:2,P0DTC2,SPIKE_SARS2
HexNAc(2)Hex(6),H6N2,Asn-657,G39188ZX,603,657,1397.2597,1396.4862,"6,2,0,0,0,0,0,0,0,0,0,0,0,0",True,Hex:6 HexNAc:2,P0DTC2,SPIKE_SARS2
HexNAc(2)Hex(6),H6N2,Asn-331,G39188ZX,603,331,1397.2597,1396.4862,"6,2,0,0,0,0,0,0,0,0,0,0,0,0",True,Hex:6 HexNAc:2,P0DTC2,SPIKE_SARS2
HexNAc(2)Hex(6),H6N2,Asn-602,G39188ZX,603,602,1397.2597,1396.4862,"6,2,0,0,0,0,0,0,0,0,0,0,0,0",True,Hex:6 HexNAc:2,P0DTC2,SPIKE_SARS2
HexNAc(6)Hex(5),H5N6,Asn-282,G39619TI,598,282,2047.8973,2046.751,"5,6,0,0,0,0,0,0,0,0,0,0,0,0",True,Hex:5 HexNAc:6,P0DTC2,SPIKE_SARS2
HexNAc(6)Hex(5),H5N6,Asn-657,G39619TI,598,657,2047.8973,2046.751,"5,6,0,0,0,0,0,0,0,0,0,0,0,0",True,Hex:5 HexNAc:6,P0DTC2,SPIKE_SARS2
HexNAc(6)Hex(5),H5N6,Asn-122,G39619TI,598,122,2047.8973,2046.751,"5,6,0,0,0,0,0,0,0,0,0,0,0,0",True,Hex:5 HexNAc:6,P0DTC2,SPIKE_SARS2
HexNAc(2)Hex(3),H3N2,Asn-122,G14669DU,507,122,910.8325,910.3278,"3,2,0,0,0,0,0,0,0,0,0,0,0,0",True,Hex:3 HexNAc:2,P0DTC2,SPIKE_SARS2
HexNAc(2)Hex(3),H3N2,Asn-602,G14669DU,507,602,910.8325,910.3278,"3,2,0,0,0,0,0,0,0,0,0,0,0,0",True,Hex:3 HexNAc:2,P0DTC2,SPIKE_SARS2
HexNAc(2)Hex(3),H3N2,Asn-331,G14669DU,507,331,910.8325,910.3278,"3,2,0,0,0,0,0,0,0,0,0,0,0,0",True,Hex:3 HexNAc:2,P0DTC2,SPIKE_SARS2
HexNAc(2)Hex(3),H3N2,Asn-657,G14669DU,507,657,910.8325,910.3278,"3,2,0,0,0,0,0,0,0,0,0,0,0,0",True,Hex:3 HexNAc:2,P0DTC2,SPIKE_SARS2
HexNAc(3)Hex(5)NeuAc(1),H5N3S1,Asn-122,G82463GQ,628,122,1729.5702,1728.6082,"5,3,0,1,0,0,0,0,0,0,0,0,0,0",True,Hex:5 HexNAc:3 NeuAc:1,P0DTC2,SPIKE_SARS2
HexNAc(3)Hex(5)NeuAc(1),H5N3S1,Asn-657,G82463GQ,628,657,1729.5702,1728.6082,"5,3,0,1,0,0,0,0,0,0,0,0,0,0",True,Hex:5 HexNAc:3 NeuAc:1,P0DTC2,SPIKE_SARS2
HexNAc(3)Hex(5)NeuAc(1),H5N3S1,Asn-282,G82463GQ,628,282,1729.5702,1728.6082,"5,3,0,1,0,0,0,0,0,0,0,0,0,0",True,Hex:5 HexNAc:3 NeuAc:1,P0DTC2,SPIKE_SARS2
HexNAc(3)Hex(5)NeuAc(1),H5N3S1,Asn-165,G82463GQ,628,165,1729.5702,1728.6082,"5,3,0,1,0,0,0,0,0,0,0,0,0,0",True,Hex:5 HexNAc:3 NeuAc:1,P0DTC2,SPIKE_SARS2
HexNAc(4)Hex(6)dHex(1)NeuAc(1),H6N4F1S1,Asn-122,G82830MN,123,122,2241.0506,2239.7983,"6,4,1,1,0,0,0,0,0,0,0,0,0,0",True,Hex:6 HexNAc:4 dHex:1 NeuAc:1,P0DTC2,SPIKE_SARS2
HexNAc(4)Hex(6)dHex(1)NeuAc(1),H6N4F1S1,Asn-165,G82830MN,123,165,2241.0506,2239.7983,"6,4,1,1,0,0,0,0,0,0,0,0,0,0",True,Hex:6 HexNAc:4 dHex:1 NeuAc:1,P0DTC2,SPIKE_SARS2
HexNAc(4)Hex(6)dHex(1)NeuAc(1),H6N4F1S1,Asn-282,G82830MN,123,282,2241.0506,2239.7983,"6,4,1,1,0,0,0,0,0,0,0,0,0,0",True,Hex:6 HexNAc:4 dHex:1 NeuAc:1,P0DTC2,SPIKE_SARS2
HexNAc(6)Hex(7)NeuAc(4),H7N6S4,Asn-165,G66088HZ,40,165,3537.2137,3535.2382,"7,6,0,4,0,0,0,0,0,0,0,0,0,0",True,Hex:7 HexNAc:6 NeuAc:4,P0DTC2,SPIKE_SARS2
HexNAc(6)Hex(7)NeuAc(4),H7N6S4,Asn-282,G66088HZ,40,282,3537.2137,3535.2382,"7,6,0,4,0,0,0,0,0,0,0,0,0,0",True,Hex:7 HexNAc:6 NeuAc:4,P0DTC2,SPIKE_SARS2
HexNAc(6)Hex(7)NeuAc(4),H7N6S4,Asn-234,G66088HZ,40,234,3537.2137,3535.2382,"7,6,0,4,0,0,0,0,0,0,0,0,0,0",True,Hex:7 HexNAc:6 NeuAc:4,P0DTC2,SPIKE_SARS2
HexNAc(6)Hex(7)NeuAc(4),H7N6S4,Asn-657,G66088HZ,40,657,3537.2137,3535.2382,"7,6,0,4,0,0,0,0,0,0,0,0,0,0",True,Hex:7 HexNAc:6 NeuAc:4,P0DTC2,SPIKE_SARS2
HexNAc(6)Hex(7)NeuAc(4),H7N6S4,Asn-122,G66088HZ,40,122,3537.2137,3535.2382,"7,6,0,4,0,0,0,0,0,0,0,0,0,0",True,Hex:7 HexNAc:6 NeuAc:4,P0DTC2,SPIKE_SARS2
HexNAc(7)Hex(4)dHex(1),H4N7F1,Asn-657,G93683YO,206,657,2235.0929,2233.8355,"4,7,1,0,0,0,0,0,0,0,0,0,0,0",True,Hex:4 HexNAc:7 dHex:1,P0DTC2,SPIKE_SARS2
HexNAc(7)Hex(4)dHex(1),H4N7F1,Asn-282,G93683YO,206,282,2235.0929,2233.8355,"4,7,1,0,0,0,0,0,0,0,0,0,0,0",True,Hex:4 HexNAc:7 dHex:1,P0DTC2,SPIKE_SARS2
HexNAc(7)Hex(4)dHex(1),H4N7F1,Asn-122,G93683YO,206,122,2235.0929,2233.8355,"4,7,1,0,0,0,0,0,0,0,0,0,0,0",True,Hex:4 HexNAc:7 dHex:1,P0DTC2,SPIKE_SARS2
HexNAc(7)Hex(4)dHex(1),H4N7F1,Asn-165,G93683YO,206,165,2235.0929,2233.8355,"4,7,1,0,0,0,0,0,0,0,0,0,0,0",True,Hex:4 HexNAc:7 dHex:1,P0DTC2,SPIKE_SARS2
HexNAc(2)Hex(7),H7N2,Asn-657,G05724UK,695,657,1559.4021,1558.539,"7,2,0,0,0,0,0,0,0,0,0,0,0,0",True,Hex:7 HexNAc:2,P0DTC2,SPIKE_SARS2
HexNAc(2)Hex(7),H7N2,Asn-282,G05724UK,695,282,1559.4021,1558.539,"7,2,0,0,0,0,0,0,0,0,0,0,0,0",True,Hex:7 HexNAc:2,P0DTC2,SPIKE_SARS2
HexNAc(2)Hex(7),H7N2,Asn-122,G05724UK,695,122,1559.4021,1558.539,"7,2,0,0,0,0,0,0,0,0,0,0,0,0",True,Hex:7 HexNAc:2,P0DTC2,SPIKE_SARS2
HexNAc(2)Hex(7),H7N2,Asn-165,G05724UK,695,165,1559.4021,1558.539,"7,2,0,0,0,0,0,0,0,0,0,0,0,0",True,Hex:7 HexNAc:2,P0DTC2,SPIKE_SARS2
HexNAc(2)Hex(7),H7N2,Asn-602,G05724UK,695,602,1559.4021,1558.539,"7,2,0,0,0,0,0,0,0,0,0,0,0,0",True,Hex:7 HexNAc:2,P0DTC2,SPIKE_SARS2
HexNAc(2)Hex(7),H7N2,Asn-331,G05724UK,695,331,1559.4021,1558.539,"7,2,0,0,0,0,0,0,0,0,0,0,0,0",True,Hex:7 HexNAc:2,P0DTC2,SPIKE_SARS2
HexNAc(4)Hex(5)NeuAc(2),H5N4S2,Asn-165,G48414YA,712,165,2224.0231,2222.783,"5,4,0,2,0,0,0,0,0,0,0,0,0,0",True,Hex:5 HexNAc:4 NeuAc:2,P0DTC2,SPIKE_SARS2
HexNAc(4)Hex(5)NeuAc(2),H5N4S2,Asn-149,G48414YA,712,149,2224.0231,2222.783,"5,4,0,2,0,0,0,0,0,0,0,0,0,0",True,Hex:5 HexNAc:4 NeuAc:2,P0DTC2,SPIKE_SARS2
HexNAc(4)Hex(5)NeuAc(2),H5N4S2,Asn-657,G48414YA,712,657,2224.0231,2222.783,"5,4,0,2,0,0,0,0,0,0,0,0,0,0",True,Hex:5 HexNAc:4 NeuAc:2,P0DTC2,SPIKE_SARS2
HexNAc(4)Hex(5)NeuAc(2),H5N4S2,Asn-282,G48414YA,712,282,2224.0231,2222.783,"5,4,0,2,0,0,0,0,0,0,0,0,0,0",True,Hex:5 HexNAc:4 NeuAc:2,P0DTC2,SPIKE_SARS2
HexNAc(4)Hex(5)NeuAc(2),H5N4S2,Asn-615,G48414YA,712,615,2224.0231,2222.783,"5,4,0,2,0,0,0,0,0,0,0,0,0,0",True,Hex:5 HexNAc:4 NeuAc:2,P0DTC2,SPIKE_SARS2
HexNAc(4)Hex(5)NeuAc(2),H5N4S2,Asn-122,G48414YA,712,122,2224.0231,2222.783,"5,4,0,2,0,0,0,0,0,0,0,0,0,0",True,Hex:5 HexNAc:4 NeuAc:2,P0DTC2,SPIKE_SARS2
HexNAc(5)Hex(5),H5N5,Asn-122,G79568CQ,277,122,1844.7023,1843.6716,"5,5,0,0,0,0,0,0,0,0,0,0,0,0",True,Hex:5 HexNAc:5,P0DTC2,SPIKE_SARS2
HexNAc(5)Hex(5),H5N5,Asn-331,G79568CQ,277,331,1844.7023,1843.6716,"5,5,0,0,0,0,0,0,0,0,0,0,0,0",True,Hex:5 HexNAc:5,P0DTC2,SPIKE_SARS2
HexNAc(5)Hex(5),H5N5,Asn-165,G79568CQ,277,165,1844.7023,1843.6716,"5,5,0,0,0,0,0,0,0,0,0,0,0,0",True,Hex:5 HexNAc:5,P0DTC2,SPIKE_SARS2
HexNAc(5)Hex(5),H5N5,Asn-657,G79568CQ,277,657,1844.7023,1843.6716,"5,5,0,0,0,0,0,0,0,0,0,0,0,0",True,Hex:5 HexNAc:5,P0DTC2,SPIKE_SARS2
HexNAc(5)Hex(5),H5N5,Asn-282,G79568CQ,277,282,1844.7023,1843.6716,"5,5,0,0,0,0,0,0,0,0,0,0,0,0",True,Hex:5 HexNAc:5,P0DTC2,SPIKE_SARS2
HexNAc(6)Hex(7)dHex(1)NeuAc(3),H7N6F1S3,Asn-657,G39595FH,468,657,3392.0988,3390.2007,"7,6,1,3,0,0,0,0,0,0,0,0,0,0",True,Hex:7 HexNAc:6 dHex:1 NeuAc:3,P0DTC2,SPIKE_SARS2
HexNAc(6)Hex(7)dHex(1)NeuAc(3),H7N6F1S3,Asn-282,G39595FH,468,282,3392.0988,3390.2007,"7,6,1,3,0,0,0,0,0,0,0,0,0,0",True,Hex:7 HexNAc:6 dHex:1 NeuAc:3,P0DTC2,SPIKE_SARS2
HexNAc(6)Hex(7)dHex(1)NeuAc(3),H7N6F1S3,Asn-122,G39595FH,468,122,3392.0988,3390.2007,"7,6,1,3,0,0,0,0,0,0,0,0,0,0",True,Hex:7 HexNAc:6 dHex:1 NeuAc:3,P0DTC2,SPIKE_SARS2
HexNAc(6)Hex(7)dHex(1)NeuAc(3),H7N6F1S3,Asn-165,G39595FH,468,165,3392.0988,3390.2007,"7,6,1,3,0,0,0,0,0,0,0,0,0,0",True,Hex:7 HexNAc:6 dHex:1 NeuAc:3,P0DTC2,SPIKE_SARS2
HexNAc(6)Hex(7)dHex(1)NeuAc(3),H7N6F1S3,Asn-149,G39595FH,468,149,3392.0988,3390.2007,"7,6,1,3,0,0,0,0,0,0,0,0,0,0",True,Hex:7 HexNAc:6 dHex:1 NeuAc:3,P0DTC2,SPIKE_SARS2
HexNAc(6)Hex(7)dHex(1)NeuAc(3),H7N6F1S3,Asn-234,G39595FH,468,234,3392.0988,3390.2007,"7,6,1,3,0,0,0,0,0,0,0,0,0,0",True,Hex:7 HexNAc:6 dHex:1 NeuAc:3,P0DTC2,SPIKE_SARS2
HexNAc(6)Hex(7)dHex(1)NeuAc(3),H7N6F1S3,Asn-331,G39595FH,468,331,3392.0988,3390.2007,"7,6,1,3,0,0,0,0,0,0,0,0,0,0",True,Hex:7 HexNAc:6 dHex:1 NeuAc:3,P0DTC2,SPIKE_SARS2
HexNAc(3)Hex(4)dHex(1),H4N3F1,Asn-122,G29880MM,713,122,1422.3129,1421.5179,"4,3,1,0,0,0,0,0,0,0,0,0,0,0",True,Hex:4 HexNAc:3 dHex:1,P0DTC2,SPIKE_SARS2
HexNAc(3)Hex(4)dHex(1),H4N3F1,Asn-282,G29880MM,713,282,1422.3129,1421.5179,"4,3,1,0,0,0,0,0,0,0,0,0,0,0",True,Hex:4 HexNAc:3 dHex:1,P0DTC2,SPIKE_SARS2
HexNAc(3)Hex(4)dHex(1),H4N3F1,Asn-343,G29880MM,713,343,1422.3129,1421.5179,"4,3,1,0,0,0,0,0,0,0,0,0,0,0",True,Hex:4 HexNAc:3 dHex:1,P0DTC2,SPIKE_SARS2
HexNAc(3)Hex(4)dHex(1),H4N3F1,Asn-657,G29880MM,713,657,1422.3129,1421.5179,"4,3,1,0,0,0,0,0,0,0,0,0,0,0",True,Hex:4 HexNAc:3 dHex:1,P0DTC2,SPIKE_SARS2
HexNAc(3)Hex(4)dHex(1),H4N3F1,Asn-331,G29880MM,713,331,1422.3129,1421.5179,"4,3,1,0,0,0,0,0,0,0,0,0,0,0",True,Hex:4 HexNAc:3 dHex:1,P0DTC2,SPIKE_SARS2
HexNAc(3)Hex(4)dHex(1),H4N3F1,Asn-165,G29880MM,713,165,1422.3129,1421.5179,"4,3,1,0,0,0,0,0,0,0,0,0,0,0",True,Hex:4 HexNAc:3 dHex:1,P0DTC2,SPIKE_SARS2
HexNAc(5)Hex(5)NeuAc(1),H5N5S1,Asn-165,G66760KM,720,165,2135.9602,2134.767,"5,5,0,1,0,0,0,0,0,0,0,0,0,0",True,Hex:5 HexNAc:5 NeuAc:1,P0DTC2,SPIKE_SARS2
HexNAc(5)Hex(5)NeuAc(1),H5N5S1,Asn-122,G66760KM,720,122,2135.9602,2134.767,"5,5,0,1,0,0,0,0,0,0,0,0,0,0",True,Hex:5 HexNAc:5 NeuAc:1,P0DTC2,SPIKE_SARS2
HexNAc(5)Hex(5)NeuAc(1),H5N5S1,Asn-282,G66760KM,720,282,2135.9602,2134.767,"5,5,0,1,0,0,0,0,0,0,0,0,0,0",True,Hex:5 HexNAc:5 NeuAc:1,P0DTC2,SPIKE_SARS2
HexNAc(5)Hex(5)NeuAc(1),H5N5S1,Asn-657,G66760KM,720,657,2135.9602,2134.767,"5,5,0,1,0,0,0,0,0,0,0,0,0,0",True,Hex:5 HexNAc:5 NeuAc:1,P0DTC2,SPIKE_SARS2
HexNAc(5)Hex(5)NeuAc(1),H5N5S1,Asn-149,G66760KM,720,149,2135.9602,2134.767,"5,5,0,1,0,0,0,0,0,0,0,0,0,0",True,Hex:5 HexNAc:5 NeuAc:1,P0DTC2,SPIKE_SARS2
HexNAc(5)Hex(5)NeuAc(1),H5N5S1,Asn-331,G66760KM,720,331,2135.9602,2134.767,"5,5,0,1,0,0,0,0,0,0,0,0,0,0",True,Hex:5 HexNAc:5 NeuAc:1,P0DTC2,SPIKE_SARS2
HexNAc(6)Hex(7)dHex(1)NeuAc(4),H7N6F1S4,Asn-165,G69834CE,271,165,3683.3567,3681.2961,"7,6,1,4,0,0,0,0,0,0,0,0,0,0",True,Hex:7 HexNAc:6 dHex:1 NeuAc:4,P0DTC2,SPIKE_SARS2
HexNAc(6)Hex(7)dHex(1)NeuAc(4),H7N6F1S4,Asn-282,G69834CE,271,282,3683.3567,3681.2961,"7,6,1,4,0,0,0,0,0,0,0,0,0,0",True,Hex:7 HexNAc:6 dHex:1 NeuAc:4,P0DTC2,SPIKE_SARS2
HexNAc(6)Hex(7)dHex(1)NeuAc(4),H7N6F1S4,Asn-657,G69834CE,271,657,3683.3567,3681.2961,"7,6,1,4,0,0,0,0,0,0,0,0,0,0",True,Hex:7 HexNAc:6 dHex:1 NeuAc:4,P0DTC2,SPIKE_SARS2
HexNAc(6)Hex(7)dHex(1)NeuAc(4),H7N6F1S4,Asn-122,G69834CE,271,122,3683.3567,3681.2961,"7,6,1,4,0,0,0,0,0,0,0,0,0,0",True,Hex:7 HexNAc:6 dHex:1 NeuAc:4,P0DTC2,SPIKE_SARS2
HexNAc(6)Hex(7)dHex(1)NeuAc(4),H7N6F1S4,Asn-234,G69834CE,271,234,3683.3567,3681.2961,"7,6,1,4,0,0,0,0,0,0,0,0,0,0",True,Hex:7 HexNAc:6 dHex:1 NeuAc:4,P0DTC2,SPIKE_SARS2
HexNAc(3)Hex(6)NeuAc(1),H6N3S1,Asn-165,G23294PN,89,165,1891.7126,1890.661,"6,3,0,1,0,0,0,0,0,0,0,0,0,0",True,Hex:6 HexNAc:3 NeuAc:1,P0DTC2,SPIKE_SARS2
HexNAc(3)Hex(6)NeuAc(1),H6N3S1,Asn-122,G23294PN,89,122,1891.7126,1890.661,"6,3,0,1,0,0,0,0,0,0,0,0,0,0",True,Hex:6 HexNAc:3 NeuAc:1,P0DTC2,SPIKE_SARS2
HexNAc(3)Hex(6)NeuAc(1),H6N3S1,Asn-331,G23294PN,89,331,1891.7126,1890.661,"6,3,0,1,0,0,0,0,0,0,0,0,0,0",True,Hex:6 HexNAc:3 NeuAc:1,P0DTC2,SPIKE_SARS2
HexNAc(3)Hex(6)NeuAc(1),H6N3S1,Asn-657,G23294PN,89,657,1891.7126,1890.661,"6,3,0,1,0,0,0,0,0,0,0,0,0,0",True,Hex:6 HexNAc:3 NeuAc:1,P0DTC2,SPIKE_SARS2
HexNAc(3)Hex(6)NeuAc(1),H6N3S1,Asn-282,G23294PN,89,282,1891.7126,1890.661,"6,3,0,1,0,0,0,0,0,0,0,0,0,0",True,Hex:6 HexNAc:3 NeuAc:1,P0DTC2,SPIKE_SARS2
HexNAc(4)Hex(4),H4N4,Asn-657,G81295CK,648,657,1479.3649,1478.5394,"4,4,0,0,0,0,0,0,0,0,0,0,0,0",True,Hex:4 HexNAc:4,P0DTC2,SPIKE_SARS2
HexNAc(4)Hex(4),H4N4,Asn-122,G81295CK,648,122,1479.3649,1478.5394,"4,4,0,0,0,0,0,0,0,0,0,0,0,0",True,Hex:4 HexNAc:4,P0DTC2,SPIKE_SARS2
HexNAc(4)Hex(4),H4N4,Asn-331,G81295CK,648,331,1479.3649,1478.5394,"4,4,0,0,0,0,0,0,0,0,0,0,0,0",True,Hex:4 HexNAc:4,P0DTC2,SPIKE_SARS2
HexNAc(4)Hex(4),H4N4,Asn-282,G81295CK,648,282,1479.3649,1478.5394,"4,4,0,0,0,0,0,0,0,0,0,0,0,0",True,Hex:4 HexNAc:4,P0DTC2,SPIKE_SARS2
HexNAc(4)Hex(3)dHex(1),H3N4F1,Asn-122,G49874UX,742,122,1463.3655,1462.5445,"3,4,1,0,0,0,0,0,0,0,0,0,0,0",True,Hex:3 HexNAc:4 dHex:1,P0DTC2,SPIKE_SARS2
HexNAc(4)Hex(3)dHex(1),H3N4F1,Asn-657,G49874UX,742,657,1463.3655,1462.5445,"3,4,1,0,0,0,0,0,0,0,0,0,0,0",True,Hex:3 HexNAc:4 dHex:1,P0DTC2,SPIKE_SARS2
HexNAc(4)Hex(3)dHex(1),H3N4F1,Asn-331,G49874UX,742,331,1463.3655,1462.5445,"3,4,1,0,0,0,0,0,0,0,0,0,0,0",True,Hex:3 HexNAc:4 dHex:1,P0DTC2,SPIKE_SARS2
HexNAc(4)Hex(3)dHex(1),H3N4F1,Asn-165,G49874UX,742,165,1463.3655,1462.5445,"3,4,1,0,0,0,0,0,0,0,0,0,0,0",True,Hex:3 HexNAc:4 dHex:1,P0DTC2,SPIKE_SARS2
HexNAc(4)Hex(3)dHex(1),H3N4F1,Asn-282,G49874UX,742,282,1463.3655,1462.5445,"3,4,1,0,0,0,0,0,0,0,0,0,0,0",True,Hex:3 HexNAc:4 dHex:1,P0DTC2,SPIKE_SARS2
HexNAc(4)Hex(3)dHex(1),H3N4F1,Asn-61,G49874UX,742,61,1463.3655,1462.5445,"3,4,1,0,0,0,0,0,0,0,0,0,0,0",True,Hex:3 HexNAc:4 dHex:1,P0DTC2,SPIKE_SARS2
HexNAc(4)Hex(6)NeuAc(1),H6N4S1,Asn-122,G25418HZ,433,122,2094.9076,2093.7404,"6,4,0,1,0,0,0,0,0,0,0,0,0,0",True,Hex:6 HexNAc:4 NeuAc:1,P0DTC2,SPIKE_SARS2
HexNAc(4)Hex(6)NeuAc(1),H6N4S1,Asn-657,G25418HZ,433,657,2094.9076,2093.7404,"6,4,0,1,0,0,0,0,0,0,0,0,0,0",True,Hex:6 HexNAc:4 NeuAc:1,P0DTC2,SPIKE_SARS2
HexNAc(4)Hex(6)NeuAc(1),H6N4S1,Asn-282,G25418HZ,433,282,2094.9076,2093.7404,"6,4,0,1,0,0,0,0,0,0,0,0,0,0",True,Hex:6 HexNAc:4 NeuAc:1,P0DTC2,SPIKE_SARS2
HexNAc(4)Hex(6)NeuAc(1),H6N4S1,Asn-615,G25418HZ,433,615,2094.9076,2093.7404,"6,4,0,1,0,0,0,0,0,0,0,0,0,0",True,Hex:6 HexNAc:4 NeuAc:1,P0DTC2,SPIKE_SARS2
HexNAc(7)Hex(6),H6N7,Asn-122,G75607BQ,621,122,2413.2347,2411.8832,"6,7,0,0,0,0,0,0,0,0,0,0,0,0",True,Hex:6 HexNAc:7,P0DTC2,SPIKE_SARS2
HexNAc(7)Hex(6),H6N7,Asn-234,G75607BQ,621,234,2413.2347,2411.8832,"6,7,0,0,0,0,0,0,0,0,0,0,0,0",True,Hex:6 HexNAc:7,P0DTC2,SPIKE_SARS2
HexNAc(7)Hex(6),H6N7,Asn-282,G75607BQ,621,282,2413.2347,2411.8832,"6,7,0,0,0,0,0,0,0,0,0,0,0,0",True,Hex:6 HexNAc:7,P0DTC2,SPIKE_SARS2
HexNAc(6)Hex(6)dHex(1)NeuAc(3),H6N6F1S3,Asn-657,G62461SM,288,657,3229.9564,3228.1479,"6,6,1,3,0,0,0,0,0,0,0,0,0,0",True,Hex:6 HexNAc:6 dHex:1 NeuAc:3,P0DTC2,SPIKE_SARS2
HexNAc(6)Hex(6)dHex(1)NeuAc(3),H6N6F1S3,Asn-234,G62461SM,288,234,3229.9564,3228.1479,"6,6,1,3,0,0,0,0,0,0,0,0,0,0",True,Hex:6 HexNAc:6 dHex:1 NeuAc:3,P0DTC2,SPIKE_SARS2
HexNAc(6)Hex(6)dHex(1)NeuAc(3),H6N6F1S3,Asn-165,G62461SM,288,165,3229.9564,3228.1479,"6,6,1,3,0,0,0,0,0,0,0,0,0,0",True,Hex:6 HexNAc:6 dHex:1 NeuAc:3,P0DTC2,SPIKE_SARS2
HexNAc(6)Hex(6)dHex(1)NeuAc(3),H6N6F1S3,Asn-122,G62461SM,288,122,3229.9564,3228.1479,"6,6,1,3,0,0,0,0,0,0,0,0,0,0",True,Hex:6 HexNAc:6 dHex:1 NeuAc:3,P0DTC2,SPIKE_SARS2
HexNAc(7)Hex(6)dHex(1),H6N7F1,Asn-122,G25379SA,300,122,2559.3777,2557.9411,"6,7,1,0,0,0,0,0,0,0,0,0,0,0",True,Hex:6 HexNAc:7 dHex:1,P0DTC2,SPIKE_SARS2
HexNAc(7)Hex(6)dHex(1),H6N7F1,Asn-331,G25379SA,300,331,2559.3777,2557.9411,"6,7,1,0,0,0,0,0,0,0,0,0,0,0",True,Hex:6 HexNAc:7 dHex:1,P0DTC2,SPIKE_SARS2
HexNAc(7)Hex(6)dHex(1),H6N7F1,Asn-165,G25379SA,300,165,2559.3777,2557.9411,"6,7,1,0,0,0,0,0,0,0,0,0,0,0",True,Hex:6 HexNAc:7 dHex:1,P0DTC2,SPIKE_SARS2
HexNAc(7)Hex(6)dHex(1),H6N7F1,Asn-282,G25379SA,300,282,2559.3777,2557.9411,"6,7,1,0,0,0,0,0,0,0,0,0,0,0",True,Hex:6 HexNAc:7 dHex:1,P0DTC2,SPIKE_SARS2
HexNAc(7)Hex(6)dHex(1),H6N7F1,Asn-657,G25379SA,300,657,2559.3777,2557.9411,"6,7,1,0,0,0,0,0,0,0,0,0,0,0",True,Hex:6 HexNAc:7 dHex:1,P0DTC2,SPIKE_SARS2
HexNAc(9)Hex(10)dHex(1),H10N9F1,Asn-122,,346,122,3614.3373,3612.3111,"10,9,1,0,0,0,0,0,0,0,0,0,0,0",True,Hex:10 HexNAc:9 dHex:1,P0DTC2,SPIKE_SARS2
HexNAc(9)Hex(10)dHex(1),H10N9F1,Asn-282,,346,282,3614.3373,3612.3111,"10,9,1,0,0,0,0,0,0,0,0,0,0,0",True,Hex:10 HexNAc:9 dHex:1,P0DTC2,SPIKE_SARS2
HexNAc(6)Hex(4)dHex(1),H4N6F1,Asn-331,G51640FO,303,331,2031.8979,2030.7561,"4,6,1,0,0,0,0,0,0,0,0,0,0,0",True,Hex:4 HexNAc:6 dHex:1,P0DTC2,SPIKE_SARS2
HexNAc(6)Hex(4)dHex(1),H4N6F1,Asn-282,G51640FO,303,282,2031.8979,2030.7561,"4,6,1,0,0,0,0,0,0,0,0,0,0,0",True,Hex:4 HexNAc:6 dHex:1,P0DTC2,SPIKE_SARS2
HexNAc(6)Hex(4)dHex(1),H4N6F1,Asn-657,G51640FO,303,657,2031.8979,2030.7561,"4,6,1,0,0,0,0,0,0,0,0,0,0,0",True,Hex:4 HexNAc:6 dHex:1,P0DTC2,SPIKE_SARS2
HexNAc(6)Hex(4)dHex(1),H4N6F1,Asn-165,G51640FO,303,165,2031.8979,2030.7561,"4,6,1,0,0,0,0,0,0,0,0,0,0,0",True,Hex:4 HexNAc:6 dHex:1,P0DTC2,SPIKE_SARS2
HexNAc(6)Hex(4)dHex(1),H4N6F1,Asn-122,G51640FO,303,122,2031.8979,2030.7561,"4,6,1,0,0,0,0,0,0,0,0,0,0,0",True,Hex:4 HexNAc:6 dHex:1,P0DTC2,SPIKE_SARS2
HexNAc(6)Hex(5)dHex(1)NeuAc(3),H5N6F1S3,Asn-657,G54740VA,336,657,3067.814,3066.0951,"5,6,1,3,0,0,0,0,0,0,0,0,0,0",True,Hex:5 HexNAc:6 dHex:1 NeuAc:3,P0DTC2,SPIKE_SARS2
HexNAc(8)Hex(5)dHex(1),H5N8F1,Asn-122,G86234IN,338,122,2600.4303,2598.9677,"5,8,1,0,0,0,0,0,0,0,0,0,0,0",True,Hex:5 HexNAc:8 dHex:1,P0DTC2,SPIKE_SARS2
HexNAc(8)Hex(5)dHex(1),H5N8F1,Asn-234,G86234IN,338,234,2600.4303,2598.9677,"5,8,1,0,0,0,0,0,0,0,0,0,0,0",True,Hex:5 HexNAc:8 dHex:1,P0DTC2,SPIKE_SARS2
HexNAc(8)Hex(5)dHex(1),H5N8F1,Asn-657,G86234IN,338,657,2600.4303,2598.9677,"5,8,1,0,0,0,0,0,0,0,0,0,0,0",True,Hex:5 HexNAc:8 dHex:1,P0DTC2,SPIKE_SARS2
HexNAc(6)Hex(3)dHex(1)NeuAc(2),H3N6F1S2,Asn-657,G26915XM,624,657,2452.2713,2450.8941,"3,6,1,2,0,0,0,0,0,0,0,0,0,0",True,Hex:3 HexNAc:6 dHex:1 NeuAc:2,P0DTC2,SPIKE_SARS2
HexNAc(6)Hex(3)dHex(1)NeuAc(2),H3N6F1S2,Asn-282,G26915XM,624,282,2452.2713,2450.8941,"3,6,1,2,0,0,0,0,0,0,0,0,0,0",True,Hex:3 HexNAc:6 dHex:1 NeuAc:2,P0DTC2,SPIKE_SARS2
HexNAc(6)Hex(6)dHex(1)NeuAc(1),H6N6F1S1,Asn-331,G31596VW,675,331,2647.4406,2645.9571,"6,6,1,1,0,0,0,0,0,0,0,0,0,0",True,Hex:6 HexNAc:6 dHex:1 NeuAc:1,P0DTC2,SPIKE_SARS2
HexNAc(6)Hex(6)dHex(1)NeuAc(1),H6N6F1S1,Asn-165,G31596VW,675,165,2647.4406,2645.9571,"6,6,1,1,0,0,0,0,0,0,0,0,0,0",True,Hex:6 HexNAc:6 dHex:1 NeuAc:1,P0DTC2,SPIKE_SARS2
HexNAc(6)Hex(6)dHex(1)NeuAc(1),H6N6F1S1,Asn-122,G31596VW,675,122,2647.4406,2645.9571,"6,6,1,1,0,0,0,0,0,0,0,0,0,0",True,Hex:6 HexNAc:6 dHex:1 NeuAc:1,P0DTC2,SPIKE_SARS2
HexNAc(6)Hex(6)dHex(1)NeuAc(1),H6N6F1S1,Asn-282,G31596VW,675,282,2647.4406,2645.9571,"6,6,1,1,0,0,0,0,0,0,0,0,0,0",True,Hex:6 HexNAc:6 dHex:1 NeuAc:1,P0DTC2,SPIKE_SARS2
HexNAc(6)Hex(6)dHex(1)NeuAc(1),H6N6F1S1,Asn-657,G31596VW,675,657,2647.4406,2645.9571,"6,6,1,1,0,0,0,0,0,0,0,0,0,0",True,Hex:6 HexNAc:6 dHex:1 NeuAc:1,P0DTC2,SPIKE_SARS2
HexNAc(3)Hex(4),H4N3,Asn-615,G23453IV,452,615,1276.1699,1275.46,"4,3,0,0,0,0,0,0,0,0,0,0,0,0",True,Hex:4 HexNAc:3,P0DTC2,SPIKE_SARS2
HexNAc(3)Hex(4),H4N3,Asn-122,G23453IV,452,122,1276.1699,1275.46,"4,3,0,0,0,0,0,0,0,0,0,0,0,0",True,Hex:4 HexNAc:3,P0DTC2,SPIKE_SARS2
HexNAc(3)Hex(4),H4N3,Asn-165,G23453IV,452,165,1276.1699,1275.46,"4,3,0,0,0,0,0,0,0,0,0,0,0,0",True,Hex:4 HexNAc:3,P0DTC2,SPIKE_SARS2
HexNAc(3)Hex(4),H4N3,Asn-331,G23453IV,452,331,1276.1699,1275.46,"4,3,0,0,0,0,0,0,0,0,0,0,0,0",True,Hex:4 HexNAc:3,P0DTC2,SPIKE_SARS2
HexNAc(3)Hex(6)dHex(1)NeuAc(1),H6N3F1S1,Asn-331,G10773YW,370,331,2037.8556,2036.7189,"6,3,1,1,0,0,0,0,0,0,0,0,0,0",True,Hex:6 HexNAc:3 dHex:1 NeuAc:1,P0DTC2,SPIKE_SARS2
HexNAc(3)Hex(6)dHex(1)NeuAc(1),H6N3F1S1,Asn-122,G10773YW,370,122,2037.8556,2036.7189,"6,3,1,1,0,0,0,0,0,0,0,0,0,0",True,Hex:6 HexNAc:3 dHex:1 NeuAc:1,P0DTC2,SPIKE_SARS2
HexNAc(3)Hex(6)dHex(1)NeuAc(1),H6N3F1S1,Asn-282,G10773YW,370,282,2037.8556,2036.7189,"6,3,1,1,0,0,0,0,0,0,0,0,0,0",True,Hex:6 HexNAc:3 dHex:1 NeuAc:1,P0DTC2,SPIKE_SARS2
HexNAc(3)Hex(6)dHex(1)NeuAc(1),H6N3F1S1,Asn-165,G10773YW,370,165,2037.8556,2036.7189,"6,3,1,1,0,0,0,0,0,0,0,0,0,0",True,Hex:6 HexNAc:3 dHex:1 NeuAc:1,P0DTC2,SPIKE_SARS2
HexNAc(3)Hex(6)dHex(1)NeuAc(1),H6N3F1S1,Asn-615,G10773YW,370,615,2037.8556,2036.7189,"6,3,1,1,0,0,0,0,0,0,0,0,0,0",True,Hex:6 HexNAc:3 dHex:1 NeuAc:1,P0DTC2,SPIKE_SARS2
HexNAc(9)Hex(4)dHex(1),H4N9F1,Asn-331,G52358QA,348,331,2641.4829,2639.9943,"4,9,1,0,0,0,0,0,0,0,0,0,0,0",True,Hex:4 HexNAc:9 dHex:1,P0DTC2,SPIKE_SARS2
HexNAc(9)Hex(3),H3N9,Asn-282,G91255CS,505,282,2333.1975,2331.8836,"3,9,0,0,0,0,0,0,0,0,0,0,0,0",True,Hex:3 HexNAc:9,P0DTC2,SPIKE_SARS2
HexNAc(9)Hex(3),H3N9,Asn-331,G91255CS,505,331,2333.1975,2331.8836,"3,9,0,0,0,0,0,0,0,0,0,0,0,0",True,Hex:3 HexNAc:9,P0DTC2,SPIKE_SARS2
HexNAc(9)Hex(3),H3N9,Asn-234,G91255CS,505,234,2333.1975,2331.8836,"3,9,0,0,0,0,0,0,0,0,0,0,0,0",True,Hex:3 HexNAc:9,P0DTC2,SPIKE_SARS2
HexNAc(3)Hex(5),H5N3,Asn-282,G33609NS,506,282,1438.3123,1437.5128,"5,3,0,0,0,0,0,0,0,0,0,0,0,0",True,Hex:5 HexNAc:3,P0DTC2,SPIKE_SARS2
HexNAc(3)Hex(5),H5N3,Asn-331,G33609NS,506,331,1438.3123,1437.5128,"5,3,0,0,0,0,0,0,0,0,0,0,0,0",True,Hex:5 HexNAc:3,P0DTC2,SPIKE_SARS2
HexNAc(3)Hex(5),H5N3,Asn-165,G33609NS,506,165,1438.3123,1437.5128,"5,3,0,0,0,0,0,0,0,0,0,0,0,0",True,Hex:5 HexNAc:3,P0DTC2,SPIKE_SARS2
HexNAc(3)Hex(5),H5N3,Asn-657,G33609NS,506,657,1438.3123,1437.5128,"5,3,0,0,0,0,0,0,0,0,0,0,0,0",True,Hex:5 HexNAc:3,P0DTC2,SPIKE_SARS2
HexNAc(3)Hex(5),H5N3,Asn-122,G33609NS,506,122,1438.3123,1437.5128,"5,3,0,0,0,0,0,0,0,0,0,0,0,0",True,Hex:5 HexNAc:3,P0DTC2,SPIKE_SARS2
HexNAc(7)Hex(7)dHex(1)NeuAc(2),H7N7F1S2,Asn-282,G67506FN,363,282,3304.0359,3302.1847,"7,7,1,2,0,0,0,0,0,0,0,0,0,0",True,Hex:7 HexNAc:7 dHex:1 NeuAc:2,P0DTC2,SPIKE_SARS2
HexNAc(7)Hex(7)dHex(1)NeuAc(2),H7N7F1S2,Asn-657,G67506FN,363,657,3304.0359,3302.1847,"7,7,1,2,0,0,0,0,0,0,0,0,0,0",True,Hex:7 HexNAc:7 dHex:1 NeuAc:2,P0DTC2,SPIKE_SARS2
HexNAc(7)Hex(7)dHex(1)NeuAc(2),H7N7F1S2,Asn-149,G67506FN,363,149,3304.0359,3302.1847,"7,7,1,2,0,0,0,0,0,0,0,0,0,0",True,Hex:7 HexNAc:7 dHex:1 NeuAc:2,P0DTC2,SPIKE_SARS2
HexNAc(7)Hex(7)dHex(1)NeuAc(2),H7N7F1S2,Asn-122,G67506FN,363,122,3304.0359,3302.1847,"7,7,1,2,0,0,0,0,0,0,0,0,0,0",True,Hex:7 HexNAc:7 dHex:1 NeuAc:2,P0DTC2,SPIKE_SARS2
HexNAc(7)Hex(7)dHex(1)NeuAc(2),H7N7F1S2,Asn-331,G67506FN,363,331,3304.0359,3302.1847,"7,7,1,2,0,0,0,0,0,0,0,0,0,0",True,Hex:7 HexNAc:7 dHex:1 NeuAc:2,P0DTC2,SPIKE_SARS2
HexNAc(7)Hex(7)dHex(1)NeuAc(2),H7N7F1S2,Asn-165,G67506FN,363,165,3304.0359,3302.1847,"7,7,1,2,0,0,0,0,0,0,0,0,0,0",True,Hex:7 HexNAc:7 dHex:1 NeuAc:2,P0DTC2,SPIKE_SARS2
HexNAc(6)Hex(6)NeuAc(2),H6N6S2,Asn-165,G37881RL,714,165,2792.5555,2790.9946,"6,6,0,2,0,0,0,0,0,0,0,0,0,0",True,Hex:6 HexNAc:6 NeuAc:2,P0DTC2,SPIKE_SARS2
HexNAc(6)Hex(6)NeuAc(2),H6N6S2,Asn-331,G37881RL,714,331,2792.5555,2790.9946,"6,6,0,2,0,0,0,0,0,0,0,0,0,0",True,Hex:6 HexNAc:6 NeuAc:2,P0DTC2,SPIKE_SARS2
HexNAc(6)Hex(6)NeuAc(2),H6N6S2,Asn-122,G37881RL,714,122,2792.5555,2790.9946,"6,6,0,2,0,0,0,0,0,0,0,0,0,0",True,Hex:6 HexNAc:6 NeuAc:2,P0DTC2,SPIKE_SARS2
HexNAc(6)Hex(6)NeuAc(2),H6N6S2,Asn-282,G37881RL,714,282,2792.5555,2790.9946,"6,6,0,2,0,0,0,0,0,0,0,0,0,0",True,Hex:6 HexNAc:6 NeuAc:2,P0DTC2,SPIKE_SARS2
HexNAc(6)Hex(6)NeuAc(2),H6N6S2,Asn-657,G37881RL,714,657,2792.5555,2790.9946,"6,6,0,2,0,0,0,0,0,0,0,0,0,0",True,Hex:6 HexNAc:6 NeuAc:2,P0DTC2,SPIKE_SARS2
HexNAc(6)Hex(6)NeuAc(2),H6N6S2,Asn-149,G37881RL,714,149,2792.5555,2790.9946,"6,6,0,2,0,0,0,0,0,0,0,0,0,0",True,Hex:6 HexNAc:6 NeuAc:2,P0DTC2,SPIKE_SARS2
HexNAc(6)Hex(3)dHex(1)NeuAc(1),H3N6F1S1,Asn-122,G08110WX,368,122,2161.0134,2159.7987,"3,6,1,1,0,0,0,0,0,0,0,0,0,0",True,Hex:3 HexNAc:6 dHex:1 NeuAc:1,P0DTC2,SPIKE_SARS2
HexNAc(6)Hex(3)dHex(1)NeuAc(1),H3N6F1S1,Asn-282,G08110WX,368,282,2161.0134,2159.7987,"3,6,1,1,0,0,0,0,0,0,0,0,0,0",True,Hex:3 HexNAc:6 dHex:1 NeuAc:1,P0DTC2,SPIKE_SARS2
HexNAc(6)Hex(3)dHex(1)NeuAc(1),H3N6F1S1,Asn-343,G08110WX,368,343,2161.0134,2159.7987,"3,6,1,1,0,0,0,0,0,0,0,0,0,0",True,Hex:3 HexNAc:6 dHex:1 NeuAc:1,P0DTC2,SPIKE_SARS2
HexNAc(6)Hex(3)dHex(1)NeuAc(1),H3N6F1S1,Asn-331,G08110WX,368,331,2161.0134,2159.7987,"3,6,1,1,0,0,0,0,0,0,0,0,0,0",True,Hex:3 HexNAc:6 dHex:1 NeuAc:1,P0DTC2,SPIKE_SARS2
HexNAc(6)Hex(3)dHex(1)NeuAc(1),H3N6F1S1,Asn-657,G08110WX,368,657,2161.0134,2159.7987,"3,6,1,1,0,0,0,0,0,0,0,0,0,0",True,Hex:3 HexNAc:6 dHex:1 NeuAc:1,P0DTC2,SPIKE_SARS2
HexNAc(6)Hex(3)dHex(1)NeuAc(1),H3N6F1S1,Asn-165,G08110WX,368,165,2161.0134,2159.7987,"3,6,1,1,0,0,0,0,0,0,0,0,0,0",True,Hex:3 HexNAc:6 dHex:1 NeuAc:1,P0DTC2,SPIKE_SARS2
HexNAc(7)Hex(8)dHex(1)NeuAc(4),H8N7F1S4,Asn-657,G57581QG,372,657,4048.6941,4046.4283,"8,7,1,4,0,0,0,0,0,0,0,0,0,0",True,Hex:8 HexNAc:7 dHex:1 NeuAc:4,P0DTC2,SPIKE_SARS2
HexNAc(7)Hex(8)dHex(1)NeuAc(4),H8N7F1S4,Asn-234,G57581QG,372,234,4048.6941,4046.4283,"8,7,1,4,0,0,0,0,0,0,0,0,0,0",True,Hex:8 HexNAc:7 dHex:1 NeuAc:4,P0DTC2,SPIKE_SARS2
HexNAc(7)Hex(8)dHex(1)NeuAc(4),H8N7F1S4,Asn-165,G57581QG,372,165,4048.6941,4046.4283,"8,7,1,4,0,0,0,0,0,0,0,0,0,0",True,Hex:8 HexNAc:7 dHex:1 NeuAc:4,P0DTC2,SPIKE_SARS2
HexNAc(5)Hex(4)NeuAc(2),H4N5S2,Asn-149,G54612UD,534,149,2265.0757,2263.8096,"4,5,0,2,0,0,0,0,0,0,0,0,0,0",True,Hex:4 HexNAc:5 NeuAc:2,P0DTC2,SPIKE_SARS2
HexNAc(5)Hex(4)NeuAc(2),H4N5S2,Asn-282,G54612UD,534,282,2265.0757,2263.8096,"4,5,0,2,0,0,0,0,0,0,0,0,0,0",True,Hex:4 HexNAc:5 NeuAc:2,P0DTC2,SPIKE_SARS2
HexNAc(5)Hex(4)NeuAc(2),H4N5S2,Asn-122,G54612UD,534,122,2265.0757,2263.8096,"4,5,0,2,0,0,0,0,0,0,0,0,0,0",True,Hex:4 HexNAc:5 NeuAc:2,P0DTC2,SPIKE_SARS2
HexNAc(5)Hex(4)NeuAc(2),H4N5S2,Asn-331,G54612UD,534,331,2265.0757,2263.8096,"4,5,0,2,0,0,0,0,0,0,0,0,0,0",True,Hex:4 HexNAc:5 NeuAc:2,P0DTC2,SPIKE_SARS2
HexNAc(5)Hex(4)NeuAc(2),H4N5S2,Asn-165,G54612UD,534,165,2265.0757,2263.8096,"4,5,0,2,0,0,0,0,0,0,0,0,0,0",True,Hex:4 HexNAc:5 NeuAc:2,P0DTC2,SPIKE_SARS2
HexNAc(5)Hex(4)NeuAc(2),H4N5S2,Asn-657,G54612UD,534,657,2265.0757,2263.8096,"4,5,0,2,0,0,0,0,0,0,0,0,0,0",True,Hex:4 HexNAc:5 NeuAc:2,P0DTC2,SPIKE_SARS2
HexNAc(6)Hex(7)dHex(1)NeuAc(1),H7N6F1S1,Asn-657,G34617SM,567,657,2809.583,2808.0099,"7,6,1,1,0,0,0,0,0,0,0,0,0,0",True,Hex:7 HexNAc:6 dHex:1 NeuAc:1,P0DTC2,SPIKE_SARS2
HexNAc(6)Hex(7)dHex(1)NeuAc(1),H7N6F1S1,Asn-165,G34617SM,567,165,2809.583,2808.0099,"7,6,1,1,0,0,0,0,0,0,0,0,0,0",True,Hex:7 HexNAc:6 dHex:1 NeuAc:1,P0DTC2,SPIKE_SARS2
HexNAc(6)Hex(7)dHex(1)NeuAc(1),H7N6F1S1,Asn-149,G34617SM,567,149,2809.583,2808.0099,"7,6,1,1,0,0,0,0,0,0,0,0,0,0",True,Hex:7 HexNAc:6 dHex:1 NeuAc:1,P0DTC2,SPIKE_SARS2
HexNAc(6)Hex(7)dHex(1)NeuAc(1),H7N6F1S1,Asn-282,G34617SM,567,282,2809.583,2808.0099,"7,6,1,1,0,0,0,0,0,0,0,0,0,0",True,Hex:7 HexNAc:6 dHex:1 NeuAc:1,P0DTC2,SPIKE_SARS2
HexNAc(6)Hex(7)dHex(1)NeuAc(1),H7N6F1S1,Asn-343,G34617SM,567,343,2809.583,2808.0099,"7,6,1,1,0,0,0,0,0,0,0,0,0,0",True,Hex:7 HexNAc:6 dHex:1 NeuAc:1,P0DTC2,SPIKE_SARS2
HexNAc(6)Hex(7)dHex(1)NeuAc(1),H7N6F1S1,Asn-122,G34617SM,567,122,2809.583,2808.0099,"7,6,1,1,0,0,0,0,0,0,0,0,0,0",True,Hex:7 HexNAc:6 dHex:1 NeuAc:1,P0DTC2,SPIKE_SARS2
HexNAc(6)Hex(7)dHex(1)NeuAc(1),H7N6F1S1,Asn-331,G34617SM,567,331,2809.583,2808.0099,"7,6,1,1,0,0,0,0,0,0,0,0,0,0",True,Hex:7 HexNAc:6 dHex:1 NeuAc:1,P0DTC2,SPIKE_SARS2
HexNAc(6)Hex(3)dHex(1),H3N6F1,Asn-331,G50757KG,192,331,1869.7555,1868.7033,"3,6,1,0,0,0,0,0,0,0,0,0,0,0",True,Hex:3 HexNAc:6 dHex:1,P0DTC2,SPIKE_SARS2
HexNAc(6)Hex(3)dHex(1),H3N6F1,Asn-165,G50757KG,192,165,1869.7555,1868.7033,"3,6,1,0,0,0,0,0,0,0,0,0,0,0",True,Hex:3 HexNAc:6 dHex:1,P0DTC2,SPIKE_SARS2
HexNAc(6)Hex(3)dHex(1),H3N6F1,Asn-122,G50757KG,192,122,1869.7555,1868.7033,"3,6,1,0,0,0,0,0,0,0,0,0,0,0",True,Hex:3 HexNAc:6 dHex:1,P0DTC2,SPIKE_SARS2
HexNAc(6)Hex(3)dHex(1),H3N6F1,Asn-657,G50757KG,192,657,1869.7555,1868.7033,"3,6,1,0,0,0,0,0,0,0,0,0,0,0",True,Hex:3 HexNAc:6 dHex:1,P0DTC2,SPIKE_SARS2
HexNAc(6)Hex(3)dHex(1),H3N6F1,Asn-282,G50757KG,192,282,1869.7555,1868.7033,"3,6,1,0,0,0,0,0,0,0,0,0,0,0",True,Hex:3 HexNAc:6 dHex:1,P0DTC2,SPIKE_SARS2
HexNAc(8)Hex(9)dHex(1),H9N8F1,Asn-282,G70894RY,196,282,3248.9999,3247.1789,"9,8,1,0,0,0,0,0,0,0,0,0,0,0",True,Hex:9 HexNAc:8 dHex:1,P0DTC2,SPIKE_SARS2
HexNAc(8)Hex(9)dHex(1),H9N8F1,Asn-122,G70894RY,196,122,3248.9999,3247.1789,"9,8,1,0,0,0,0,0,0,0,0,0,0,0",True,Hex:9 HexNAc:8 dHex:1,P0DTC2,SPIKE_SARS2
HexNAc(8)Hex(9)dHex(1),H9N8F1,Asn-657,G70894RY,196,657,3248.9999,3247.1789,"9,8,1,0,0,0,0,0,0,0,0,0,0,0",True,Hex:9 HexNAc:8 dHex:1,P0DTC2,SPIKE_SARS2
HexNAc(8)Hex(9)dHex(1),H9N8F1,Asn-165,G70894RY,196,165,3248.9999,3247.1789,"9,8,1,0,0,0,0,0,0,0,0,0,0,0",True,Hex:9 HexNAc:8 dHex:1,P0DTC2,SPIKE_SARS2
HexNAc(6)Hex(6)dHex(1),H6N6F1,Asn-657,G70375MX,209,657,2356.1827,2354.8617,"6,6,1,0,0,0,0,0,0,0,0,0,0,0",True,Hex:6 HexNAc:6 dHex:1,P0DTC2,SPIKE_SARS2
HexNAc(6)Hex(6)dHex(1),H6N6F1,Asn-165,G70375MX,209,165,2356.1827,2354.8617,"6,6,1,0,0,0,0,0,0,0,0,0,0,0",True,Hex:6 HexNAc:6 dHex:1,P0DTC2,SPIKE_SARS2
HexNAc(6)Hex(6)dHex(1),H6N6F1,Asn-282,G70375MX,209,282,2356.1827,2354.8617,"6,6,1,0,0,0,0,0,0,0,0,0,0,0",True,Hex:6 HexNAc:6 dHex:1,P0DTC2,SPIKE_SARS2
HexNAc(6)Hex(6)dHex(1),H6N6F1,Asn-122,G70375MX,209,122,2356.1827,2354.8617,"6,6,1,0,0,0,0,0,0,0,0,0,0,0",True,Hex:6 HexNAc:6 dHex:1,P0DTC2,SPIKE_SARS2
HexNAc(6)Hex(6)dHex(1),H6N6F1,Asn-149,G70375MX,209,149,2356.1827,2354.8617,"6,6,1,0,0,0,0,0,0,0,0,0,0,0",True,Hex:6 HexNAc:6 dHex:1,P0DTC2,SPIKE_SARS2
HexNAc(6)Hex(6)dHex(1),H6N6F1,Asn-331,G70375MX,209,331,2356.1827,2354.8617,"6,6,1,0,0,0,0,0,0,0,0,0,0,0",True,Hex:6 HexNAc:6 dHex:1,P0DTC2,SPIKE_SARS2
HexNAc(6)Hex(7)NeuAc(1),H7N6S1,Asn-657,G41882MT,223,657,2663.44,2661.952,"7,6,0,1,0,0,0,0,0,0,0,0,0,0",True,Hex:7 HexNAc:6 NeuAc:1,P0DTC2,SPIKE_SARS2
HexNAc(6)Hex(7)NeuAc(1),H7N6S1,Asn-122,G41882MT,223,122,2663.44,2661.952,"7,6,0,1,0,0,0,0,0,0,0,0,0,0",True,Hex:7 HexNAc:6 NeuAc:1,P0DTC2,SPIKE_SARS2
HexNAc(6)Hex(7)NeuAc(1),H7N6S1,Asn-331,G41882MT,223,331,2663.44,2661.952,"7,6,0,1,0,0,0,0,0,0,0,0,0,0",True,Hex:7 HexNAc:6 NeuAc:1,P0DTC2,SPIKE_SARS2
HexNAc(6)Hex(7)NeuAc(1),H7N6S1,Asn-282,G41882MT,223,282,2663.44,2661.952,"7,6,0,1,0,0,0,0,0,0,0,0,0,0",True,Hex:7 HexNAc:6 NeuAc:1,P0DTC2,SPIKE_SARS2
HexNAc(6)Hex(7)NeuAc(1),H7N6S1,Asn-165,G41882MT,223,165,2663.44,2661.952,"7,6,0,1,0,0,0,0,0,0,0,0,0,0",True,Hex:7 HexNAc:6 NeuAc:1,P0DTC2,SPIKE_SARS2
HexNAc(6)Hex(7)NeuAc(1),H7N6S1,Asn-343,G41882MT,223,343,2663.44,2661.952,"7,6,0,1,0,0,0,0,0,0,0,0,0,0",True,Hex:7 HexNAc:6 NeuAc:1,P0DTC2,SPIKE_SARS2
HexNAc(6)Hex(5)dHex(1),H5N6F1,Asn-282,G89098OM,250,282,2194.0403,2192.8089,"5,6,1,0,0,0,0,0,0,0,0,0,0,0",True,Hex:5 HexNAc:6 dHex:1,P0DTC2,SPIKE_SARS2
HexNAc(6)Hex(5)dHex(1),H5N6F1,Asn-165,G89098OM,250,165,2194.0403,2192.8089,"5,6,1,0,0,0,0,0,0,0,0,0,0,0",True,Hex:5 HexNAc:6 dHex:1,P0DTC2,SPIKE_SARS2
HexNAc(6)Hex(5)dHex(1),H5N6F1,Asn-657,G89098OM,250,657,2194.0403,2192.8089,"5,6,1,0,0,0,0,0,0,0,0,0,0,0",True,Hex:5 HexNAc:6 dHex:1,P0DTC2,SPIKE_SARS2
HexNAc(6)Hex(5)dHex(1),H5N6F1,Asn-331,G89098OM,250,331,2194.0403,2192.8089,"5,6,1,0,0,0,0,0,0,0,0,0,0,0",True,Hex:5 HexNAc:6 dHex:1,P0DTC2,SPIKE_SARS2
HexNAc(6)Hex(5)dHex(1),H5N6F1,Asn-122,G89098OM,250,122,2194.0403,2192.8089,"5,6,1,0,0,0,0,0,0,0,0,0,0,0",True,Hex:5 HexNAc:6 dHex:1,P0DTC2,SPIKE_SARS2
HexNAc(7)Hex(4),H4N7,Asn-282,G66766XF,570,282,2088.9499,2087.7776,"4,7,0,0,0,0,0,0,0,0,0,0,0,0",True,Hex:4 HexNAc:7,P0DTC2,SPIKE_SARS2
HexNAc(7)Hex(4),H4N7,Asn-657,G66766XF,570,657,2088.9499,2087.7776,"4,7,0,0,0,0,0,0,0,0,0,0,0,0",True,Hex:4 HexNAc:7,P0DTC2,SPIKE_SARS2
HexNAc(6)Hex(7)dHex(1),H7N6F1,Asn-165,G90093AU,377,165,2518.3251,2516.9145,"7,6,1,0,0,0,0,0,0,0,0,0,0,0",True,Hex:7 HexNAc:6 dHex:1,P0DTC2,SPIKE_SARS2
HexNAc(6)Hex(7)dHex(1),H7N6F1,Asn-122,G90093AU,377,122,2518.3251,2516.9145,"7,6,1,0,0,0,0,0,0,0,0,0,0,0",True,Hex:7 HexNAc:6 dHex:1,P0DTC2,SPIKE_SARS2
HexNAc(6)Hex(7)dHex(1),H7N6F1,Asn-657,G90093AU,377,657,2518.3251,2516.9145,"7,6,1,0,0,0,0,0,0,0,0,0,0,0",True,Hex:7 HexNAc:6 dHex:1,P0DTC2,SPIKE_SARS2
HexNAc(6)Hex(7)dHex(1),H7N6F1,Asn-282,G90093AU,377,282,2518.3251,2516.9145,"7,6,1,0,0,0,0,0,0,0,0,0,0,0",True,Hex:7 HexNAc:6 dHex:1,P0DTC2,SPIKE_SARS2
HexNAc(6)Hex(7)dHex(1),H7N6F1,Asn-331,G90093AU,377,331,2518.3251,2516.9145,"7,6,1,0,0,0,0,0,0,0,0,0,0,0",True,Hex:7 HexNAc:6 dHex:1,P0DTC2,SPIKE_SARS2
HexNAc(6)Hex(4),H4N6,Asn-282,G48584BU,53,282,1885.7549,1884.6982,"4,6,0,0,0,0,0,0,0,0,0,0,0,0",True,Hex:4 HexNAc:6,P0DTC2,SPIKE_SARS2
HexNAc(6)Hex(4),H4N6,Asn-122,G48584BU,53,122,1885.7549,1884.6982,"4,6,0,0,0,0,0,0,0,0,0,0,0,0",True,Hex:4 HexNAc:6,P0DTC2,SPIKE_SARS2
HexNAc(4)Hex(4)dHex(1)NeuAc(1),H4N4F1S1,Asn-657,G14994KB,173,657,1916.7658,1915.6927,"4,4,1,1,0,0,0,0,0,0,0,0,0,0",True,Hex:4 HexNAc:4 dHex:1 NeuAc:1,P0DTC2,SPIKE_SARS2
HexNAc(4)Hex(4)dHex(1)NeuAc(1),H4N4F1S1,Asn-165,G14994KB,173,165,1916.7658,1915.6927,"4,4,1,1,0,0,0,0,0,0,0,0,0,0",True,Hex:4 HexNAc:4 dHex:1 NeuAc:1,P0DTC2,SPIKE_SARS2
HexNAc(4)Hex(4)dHex(1)NeuAc(1),H4N4F1S1,Asn-122,G14994KB,173,122,1916.7658,1915.6927,"4,4,1,1,0,0,0,0,0,0,0,0,0,0",True,Hex:4 HexNAc:4 dHex:1 NeuAc:1,P0DTC2,SPIKE_SARS2
HexNAc(4)Hex(4)dHex(1)NeuAc(1),H4N4F1S1,Asn-331,G14994KB,173,331,1916.7658,1915.6927,"4,4,1,1,0,0,0,0,0,0,0,0,0,0",True,Hex:4 HexNAc:4 dHex:1 NeuAc:1,P0DTC2,SPIKE_SARS2
HexNAc(4)Hex(4)dHex(1)NeuAc(1),H4N4F1S1,Asn-282,G14994KB,173,282,1916.7658,1915.6927,"4,4,1,1,0,0,0,0,0,0,0,0,0,0",True,Hex:4 HexNAc:4 dHex:1 NeuAc:1,P0DTC2,SPIKE_SARS2
HexNAc(6)Hex(7),H7N6,Asn-122,G47012YE,113,122,2372.1821,2370.8566,"7,6,0,0,0,0,0,0,0,0,0,0,0,0",True,Hex:7 HexNAc:6,P0DTC2,SPIKE_SARS2
HexNAc(6)Hex(7),H7N6,Asn-282,G47012YE,113,282,2372.1821,2370.8566,"7,6,0,0,0,0,0,0,0,0,0,0,0,0",True,Hex:7 HexNAc:6,P0DTC2,SPIKE_SARS2
HexNAc(6)Hex(7),H7N6,Asn-657,G47012YE,113,657,2372.1821,2370.8566,"7,6,0,0,0,0,0,0,0,0,0,0,0,0",True,Hex:7 HexNAc:6,P0DTC2,SPIKE_SARS2
HexNAc(6)Hex(7),H7N6,Asn-165,G47012YE,113,165,2372.1821,2370.8566,"7,6,0,0,0,0,0,0,0,0,0,0,0,0",True,Hex:7 HexNAc:6,P0DTC2,SPIKE_SARS2
HexNAc(6)Hex(5)dHex(1)NeuAc(1),H5N6F1S1,Asn-657,G24954UD,125,657,2485.2982,2483.9043,"5,6,1,1,0,0,0,0,0,0,0,0,0,0",True,Hex:5 HexNAc:6 dHex:1 NeuAc:1,P0DTC2,SPIKE_SARS2
HexNAc(6)Hex(5)dHex(1)NeuAc(1),H5N6F1S1,Asn-282,G24954UD,125,282,2485.2982,2483.9043,"5,6,1,1,0,0,0,0,0,0,0,0,0,0",True,Hex:5 HexNAc:6 dHex:1 NeuAc:1,P0DTC2,SPIKE_SARS2
HexNAc(6)Hex(5)dHex(1)NeuAc(1),H5N6F1S1,Asn-165,G24954UD,125,165,2485.2982,2483.9043,"5,6,1,1,0,0,0,0,0,0,0,0,0,0",True,Hex:5 HexNAc:6 dHex:1 NeuAc:1,P0DTC2,SPIKE_SARS2
HexNAc(6)Hex(5)dHex(1)NeuAc(1),H5N6F1S1,Asn-122,G24954UD,125,122,2485.2982,2483.9043,"5,6,1,1,0,0,0,0,0,0,0,0,0,0",True,Hex:5 HexNAc:6 dHex:1 NeuAc:1,P0DTC2,SPIKE_SARS2
HexNAc(6)Hex(5)dHex(1)NeuAc(1),H5N6F1S1,Asn-331,G24954UD,125,331,2485.2982,2483.9043,"5,6,1,1,0,0,0,0,0,0,0,0,0,0",True,Hex:5 HexNAc:6 dHex:1 NeuAc:1,P0DTC2,SPIKE_SARS2
HexNAc(6)Hex(5)dHex(1)NeuAc(1),H5N6F1S1,Asn-149,G24954UD,125,149,2485.2982,2483.9043,"5,6,1,1,0,0,0,0,0,0,0,0,0,0",True,Hex:5 HexNAc:6 dHex:1 NeuAc:1,P0DTC2,SPIKE_SARS2
HexNAc(6)Hex(5)dHex(1)NeuAc(1),H5N6F1S1,Asn-74,G24954UD,125,74,2485.2982,2483.9043,"5,6,1,1,0,0,0,0,0,0,0,0,0,0",True,Hex:5 HexNAc:6 dHex:1 NeuAc:1,P0DTC2,SPIKE_SARS2
HexNAc(7)Hex(3)dHex(1),H3N7F1,Asn-122,G32332VU,716,122,2072.9505,2071.7827,"3,7,1,0,0,0,0,0,0,0,0,0,0,0",True,Hex:3 HexNAc:7 dHex:1,P0DTC2,SPIKE_SARS2
HexNAc(7)Hex(3)dHex(1),H3N7F1,Asn-657,G32332VU,716,657,2072.9505,2071.7827,"3,7,1,0,0,0,0,0,0,0,0,0,0,0",True,Hex:3 HexNAc:7 dHex:1,P0DTC2,SPIKE_SARS2
HexNAc(7)Hex(3)dHex(1),H3N7F1,Asn-282,G32332VU,716,282,2072.9505,2071.7827,"3,7,1,0,0,0,0,0,0,0,0,0,0,0",True,Hex:3 HexNAc:7 dHex:1,P0DTC2,SPIKE_SARS2
HexNAc(7)Hex(3)dHex(1),H3N7F1,Asn-331,G32332VU,716,331,2072.9505,2071.7827,"3,7,1,0,0,0,0,0,0,0,0,0,0,0",True,Hex:3 HexNAc:7 dHex:1,P0DTC2,SPIKE_SARS2
HexNAc(7)Hex(3)dHex(1),H3N7F1,Asn-165,G32332VU,716,165,2072.9505,2071.7827,"3,7,1,0,0,0,0,0,0,0,0,0,0,0",True,Hex:3 HexNAc:7 dHex:1,P0DTC2,SPIKE_SARS2
HexNAc(6)Hex(6),H6N6,Asn-122,G78790NZ,10,122,2210.0397,2208.8038,"6,6,0,0,0,0,0,0,0,0,0,0,0,0",True,Hex:6 HexNAc:6,P0DTC2,SPIKE_SARS2
HexNAc(6)Hex(6),H6N6,Asn-657,G78790NZ,10,657,2210.0397,2208.8038,"6,6,0,0,0,0,0,0,0,0,0,0,0,0",True,Hex:6 HexNAc:6,P0DTC2,SPIKE_SARS2
HexNAc(6)Hex(6),H6N6,Asn-282,G78790NZ,10,282,2210.0397,2208.8038,"6,6,0,0,0,0,0,0,0,0,0,0,0,0",True,Hex:6 HexNAc:6,P0DTC2,SPIKE_SARS2
HexNAc(9)Hex(3)dHex(1),H3N9F1,Asn-234,G78502KD,166,234,2479.3405,2477.9415,"3,9,1,0,0,0,0,0,0,0,0,0,0,0",True,Hex:3 HexNAc:9 dHex:1,P0DTC2,SPIKE_SARS2
HexNAc(9)Hex(3)dHex(1),H3N9F1,Asn-331,G78502KD,166,331,2479.3405,2477.9415,"3,9,1,0,0,0,0,0,0,0,0,0,0,0",True,Hex:3 HexNAc:9 dHex:1,P0DTC2,SPIKE_SARS2
HexNAc(9)Hex(3)dHex(1),H3N9F1,Asn-282,G78502KD,166,282,2479.3405,2477.9415,"3,9,1,0,0,0,0,0,0,0,0,0,0,0",True,Hex:3 HexNAc:9 dHex:1,P0DTC2,SPIKE_SARS2
HexNAc(9)Hex(3)dHex(1),H3N9F1,Asn-122,G78502KD,166,122,2479.3405,2477.9415,"3,9,1,0,0,0,0,0,0,0,0,0,0,0",True,Hex:3 HexNAc:9 dHex:1,P0DTC2,SPIKE_SARS2
HexNAc(5)Hex(4)dHex(1)NeuAc(2),H4N5F1S2,Asn-282,G81198YO,181,282,2411.2187,2409.8675,"4,5,1,2,0,0,0,0,0,0,0,0,0,0",True,Hex:4 HexNAc:5 dHex:1 NeuAc:2,P0DTC2,SPIKE_SARS2
HexNAc(5)Hex(4)dHex(1)NeuAc(2),H4N5F1S2,Asn-657,G81198YO,181,657,2411.2187,2409.8675,"4,5,1,2,0,0,0,0,0,0,0,0,0,0",True,Hex:4 HexNAc:5 dHex:1 NeuAc:2,P0DTC2,SPIKE_SARS2
HexNAc(5)Hex(4)dHex(1)NeuAc(2),H4N5F1S2,Asn-149,G81198YO,181,149,2411.2187,2409.8675,"4,5,1,2,0,0,0,0,0,0,0,0,0,0",True,Hex:4 HexNAc:5 dHex:1 NeuAc:2,P0DTC2,SPIKE_SARS2
HexNAc(5)Hex(4)dHex(1)NeuAc(2),H4N5F1S2,Asn-165,G81198YO,181,165,2411.2187,2409.8675,"4,5,1,2,0,0,0,0,0,0,0,0,0,0",True,Hex:4 HexNAc:5 dHex:1 NeuAc:2,P0DTC2,SPIKE_SARS2
HexNAc(5)Hex(4)dHex(1)NeuAc(2),H4N5F1S2,Asn-122,G81198YO,181,122,2411.2187,2409.8675,"4,5,1,2,0,0,0,0,0,0,0,0,0,0",True,Hex:4 HexNAc:5 dHex:1 NeuAc:2,P0DTC2,SPIKE_SARS2
HexNAc(5)Hex(4)dHex(1)NeuAc(2),H4N5F1S2,Asn-331,G81198YO,181,331,2411.2187,2409.8675,"4,5,1,2,0,0,0,0,0,0,0,0,0,0",True,Hex:4 HexNAc:5 dHex:1 NeuAc:2,P0DTC2,SPIKE_SARS2
HexNAc(5)Hex(7)dHex(1)NeuAc(2),H7N5F1S2,Asn-282,G92081HT,28,282,2897.6459,2896.0259,"7,5,1,2,0,0,0,0,0,0,0,0,0,0",True,Hex:7 HexNAc:5 dHex:1 NeuAc:2,P0DTC2,SPIKE_SARS2
HexNAc(5)Hex(7)dHex(1)NeuAc(2),H7N5F1S2,Asn-657,G92081HT,28,657,2897.6459,2896.0259,"7,5,1,2,0,0,0,0,0,0,0,0,0,0",True,Hex:7 HexNAc:5 dHex:1 NeuAc:2,P0DTC2,SPIKE_SARS2
HexNAc(5)Hex(7)dHex(1)NeuAc(2),H7N5F1S2,Asn-122,G92081HT,28,122,2897.6459,2896.0259,"7,5,1,2,0,0,0,0,0,0,0,0,0,0",True,Hex:7 HexNAc:5 dHex:1 NeuAc:2,P0DTC2,SPIKE_SARS2
HexNAc(5)Hex(7)dHex(1)NeuAc(2),H7N5F1S2,Asn-165,G92081HT,28,165,2897.6459,2896.0259,"7,5,1,2,0,0,0,0,0,0,0,0,0,0",True,Hex:7 HexNAc:5 dHex:1 NeuAc:2,P0DTC2,SPIKE_SARS2
HexNAc(5)Hex(7)dHex(1)NeuAc(2),H7N5F1S2,Asn-331,G92081HT,28,331,2897.6459,2896.0259,"7,5,1,2,0,0,0,0,0,0,0,0,0,0",True,Hex:7 HexNAc:5 dHex:1 NeuAc:2,P0DTC2,SPIKE_SARS2
HexNAc(9)Hex(10),H10N9,Asn-165,,75,165,3468.1943,3466.2532,"10,9,0,0,0,0,0,0,0,0,0,0,0,0",True,Hex:10 HexNAc:9,P0DTC2,SPIKE_SARS2
HexNAc(9)Hex(10),H10N9,Asn-657,,75,657,3468.1943,3466.2532,"10,9,0,0,0,0,0,0,0,0,0,0,0,0",True,Hex:10 HexNAc:9,P0DTC2,SPIKE_SARS2
HexNAc(9)Hex(10),H10N9,Asn-282,,75,282,3468.1943,3466.2532,"10,9,0,0,0,0,0,0,0,0,0,0,0,0",True,Hex:10 HexNAc:9,P0DTC2,SPIKE_SARS2
HexNAc(9)Hex(10),H10N9,Asn-122,,75,122,3468.1943,3466.2532,"10,9,0,0,0,0,0,0,0,0,0,0,0,0",True,Hex:10 HexNAc:9,P0DTC2,SPIKE_SARS2
HexNAc(8)Hex(3),H3N8,Asn-657,G26759AS,438,657,2130.0025,2128.8042,"3,8,0,0,0,0,0,0,0,0,0,0,0,0",True,Hex:3 HexNAc:8,P0DTC2,SPIKE_SARS2
HexNAc(8)Hex(3),H3N8,Asn-234,G26759AS,438,234,2130.0025,2128.8042,"3,8,0,0,0,0,0,0,0,0,0,0,0,0",True,Hex:3 HexNAc:8,P0DTC2,SPIKE_SARS2
HexNAc(8)Hex(3),H3N8,Asn-282,G26759AS,438,282,2130.0025,2128.8042,"3,8,0,0,0,0,0,0,0,0,0,0,0,0",True,Hex:3 HexNAc:8,P0DTC2,SPIKE_SARS2
HexNAc(7)Hex(3),H3N7,Asn-657,G72398FA,446,657,1926.8075,1925.7248,"3,7,0,0,0,0,0,0,0,0,0,0,0,0",True,Hex:3 HexNAc:7,P0DTC2,SPIKE_SARS2
HexNAc(7)Hex(3),H3N7,Asn-282,G72398FA,446,282,1926.8075,1925.7248,"3,7,0,0,0,0,0,0,0,0,0,0,0,0",True,Hex:3 HexNAc:7,P0DTC2,SPIKE_SARS2
HexNAc(7)Hex(3),H3N7,Asn-122,G72398FA,446,122,1926.8075,1925.7248,"3,7,0,0,0,0,0,0,0,0,0,0,0,0",True,Hex:3 HexNAc:7,P0DTC2,SPIKE_SARS2
HexNAc(6)Hex(6)dHex(1)NeuAc(2),H6N6F1S2,Asn-122,G57888GL,454,122,2938.6985,2937.0525,"6,6,1,2,0,0,0,0,0,0,0,0,0,0",True,Hex:6 HexNAc:6 dHex:1 NeuAc:2,P0DTC2,SPIKE_SARS2
HexNAc(6)Hex(6)dHex(1)NeuAc(2),H6N6F1S2,Asn-331,G57888GL,454,331,2938.6985,2937.0525,"6,6,1,2,0,0,0,0,0,0,0,0,0,0",True,Hex:6 HexNAc:6 dHex:1 NeuAc:2,P0DTC2,SPIKE_SARS2
HexNAc(6)Hex(6)dHex(1)NeuAc(2),H6N6F1S2,Asn-657,G57888GL,454,657,2938.6985,2937.0525,"6,6,1,2,0,0,0,0,0,0,0,0,0,0",True,Hex:6 HexNAc:6 dHex:1 NeuAc:2,P0DTC2,SPIKE_SARS2
HexNAc(6)Hex(6)dHex(1)NeuAc(2),H6N6F1S2,Asn-149,G57888GL,454,149,2938.6985,2937.0525,"6,6,1,2,0,0,0,0,0,0,0,0,0,0",True,Hex:6 HexNAc:6 dHex:1 NeuAc:2,P0DTC2,SPIKE_SARS2
HexNAc(6)Hex(6)dHex(1)NeuAc(2),H6N6F1S2,Asn-165,G57888GL,454,165,2938.6985,2937.0525,"6,6,1,2,0,0,0,0,0,0,0,0,0,0",True,Hex:6 HexNAc:6 dHex:1 NeuAc:2,P0DTC2,SPIKE_SARS2
HexNAc(6)Hex(6)dHex(1)NeuAc(2),H6N6F1S2,Asn-282,G57888GL,454,282,2938.6985,2937.0525,"6,6,1,2,0,0,0,0,0,0,0,0,0,0",True,Hex:6 HexNAc:6 dHex:1 NeuAc:2,P0DTC2,SPIKE_SARS2
HexNAc(7)Hex(7)dHex(1),H7N7F1,Asn-282,G45883VE,470,282,2721.5201,2719.9939,"7,7,1,0,0,0,0,0,0,0,0,0,0,0",True,Hex:7 HexNAc:7 dHex:1,P0DTC2,SPIKE_SARS2
HexNAc(7)Hex(7)dHex(1),H7N7F1,Asn-122,G45883VE,470,122,2721.5201,2719.9939,"7,7,1,0,0,0,0,0,0,0,0,0,0,0",True,Hex:7 HexNAc:7 dHex:1,P0DTC2,SPIKE_SARS2
HexNAc(7)Hex(7)dHex(1),H7N7F1,Asn-165,G45883VE,470,165,2721.5201,2719.9939,"7,7,1,0,0,0,0,0,0,0,0,0,0,0",True,Hex:7 HexNAc:7 dHex:1,P0DTC2,SPIKE_SARS2
HexNAc(7)Hex(7)dHex(1),H7N7F1,Asn-331,G45883VE,470,331,2721.5201,2719.9939,"7,7,1,0,0,0,0,0,0,0,0,0,0,0",True,Hex:7 HexNAc:7 dHex:1,P0DTC2,SPIKE_SARS2
HexNAc(7)Hex(7)dHex(1),H7N7F1,Asn-657,G45883VE,470,657,2721.5201,2719.9939,"7,7,1,0,0,0,0,0,0,0,0,0,0,0",True,Hex:7 HexNAc:7 dHex:1,P0DTC2,SPIKE_SARS2
HexNAc(7)Hex(8)dHex(1),H8N7F1,Asn-165,G31544HA,486,165,2883.6625,2882.0467,"8,7,1,0,0,0,0,0,0,0,0,0,0,0",True,Hex:8 HexNAc:7 dHex:1,P0DTC2,SPIKE_SARS2
HexNAc(7)Hex(8)dHex(1),H8N7F1,Asn-122,G31544HA,486,122,2883.6625,2882.0467,"8,7,1,0,0,0,0,0,0,0,0,0,0,0",True,Hex:8 HexNAc:7 dHex:1,P0DTC2,SPIKE_SARS2
HexNAc(7)Hex(8)dHex(1),H8N7F1,Asn-282,G31544HA,486,282,2883.6625,2882.0467,"8,7,1,0,0,0,0,0,0,0,0,0,0,0",True,Hex:8 HexNAc:7 dHex:1,P0DTC2,SPIKE_SARS2
HexNAc(7)Hex(8)dHex(1),H8N7F1,Asn-657,G31544HA,486,657,2883.6625,2882.0467,"8,7,1,0,0,0,0,0,0,0,0,0,0,0",True,Hex:8 HexNAc:7 dHex:1,P0DTC2,SPIKE_SARS2
HexNAc(7)Hex(8)dHex(1),H8N7F1,Asn-331,G31544HA,486,331,2883.6625,2882.0467,"8,7,1,0,0,0,0,0,0,0,0,0,0,0",True,Hex:8 HexNAc:7 dHex:1,P0DTC2,SPIKE_SARS2
HexNAc(9)Hex(6),H6N9,Asn-122,G39368QD,1053,122,,,"6,9,0,0,0,0,0,0,0,0,0,0,0,0",False,Hex:6 HexNAc:9,P0DTC2,SPIKE_SARS2
HexNAc(9)Hex(6),H6N9,Asn-657,G39368QD,1053,657,,,"6,9,0,0,0,0,0,0,0,0,0,0,0,0",False,Hex:6 HexNAc:9,P0DTC2,SPIKE_SARS2
HexNAc(8)Hex(7),H7N8,Asn-122,G30799SW,1059,122,,,"7,8,0,0,0,0,0,0,0,0,0,0,0,0",False,Hex:7 HexNAc:8,P0DTC2,SPIKE_SARS2
HexNAc(8)Hex(7),H7N8,Asn-657,G30799SW,1059,657,,,"7,8,0,0,0,0,0,0,0,0,0,0,0,0",False,Hex:7 HexNAc:8,P0DTC2,SPIKE_SARS2
HexNAc(8)Hex(7),H7N8,Asn-282,G30799SW,1059,282,,,"7,8,0,0,0,0,0,0,0,0,0,0,0,0",False,Hex:7 HexNAc:8,P0DTC2,SPIKE_SARS2
HexNAc(8)Hex(8),H8N8,Asn-282,G28135GF,1063,282,,,"8,8,0,0,0,0,0,0,0,0,0,0,0,0",False,Hex:8 HexNAc:8,P0DTC2,SPIKE_SARS2
HexNAc(8)Hex(8),H8N8,Asn-122,G28135GF,1063,122,,,"8,8,0,0,0,0,0,0,0,0,0,0,0,0",False,Hex:8 HexNAc:8,P0DTC2,SPIKE_SARS2
HexNAc(8)Hex(8),H8N8,Asn-165,G28135GF,1063,165,,,"8,8,0,0,0,0,0,0,0,0,0,0,0,0",False,Hex:8 HexNAc:8,P0DTC2,SPIKE_SARS2
HexNAc(8)Hex(8),H8N8,Asn-657,G28135GF,1063,657,,,"8,8,0,0,0,0,0,0,0,0,0,0,0,0",False,Hex:8 HexNAc:8,P0DTC2,SPIKE_SARS2
HexNAc(6)Hex(8)dHex(1)NeuAc(1),H8N6F1S1,Asn-331,G52114WE,572,331,2971.7254,2970.0627,"8,6,1,1,0,0,0,0,0,0,0,0,0,0",True,Hex:8 HexNAc:6 dHex:1 NeuAc:1,P0DTC2,SPIKE_SARS2
HexNAc(6)Hex(8)dHex(1)NeuAc(1),H8N6F1S1,Asn-282,G52114WE,572,282,2971.7254,2970.0627,"8,6,1,1,0,0,0,0,0,0,0,0,0,0",True,Hex:8 HexNAc:6 dHex:1 NeuAc:1,P0DTC2,SPIKE_SARS2
HexNAc(6)Hex(8)dHex(1)NeuAc(1),H8N6F1S1,Asn-657,G52114WE,572,657,2971.7254,2970.0627,"8,6,1,1,0,0,0,0,0,0,0,0,0,0",True,Hex:8 HexNAc:6 dHex:1 NeuAc:1,P0DTC2,SPIKE_SARS2
HexNAc(6)Hex(8)dHex(1)NeuAc(1),H8N6F1S1,Asn-165,G52114WE,572,165,2971.7254,2970.0627,"8,6,1,1,0,0,0,0,0,0,0,0,0,0",True,Hex:8 HexNAc:6 dHex:1 NeuAc:1,P0DTC2,SPIKE_SARS2
HexNAc(6)Hex(8)dHex(1)NeuAc(1),H8N6F1S1,Asn-122,G52114WE,572,122,2971.7254,2970.0627,"8,6,1,1,0,0,0,0,0,0,0,0,0,0",True,Hex:8 HexNAc:6 dHex:1 NeuAc:1,P0DTC2,SPIKE_SARS2
HexNAc(8)Hex(4),H4N8,Asn-657,G65540UB,579,657,2292.1449,2290.857,"4,8,0,0,0,0,0,0,0,0,0,0,0,0",True,Hex:4 HexNAc:8,P0DTC2,SPIKE_SARS2
HexNAc(8)Hex(4),H4N8,Asn-234,G65540UB,579,234,2292.1449,2290.857,"4,8,0,0,0,0,0,0,0,0,0,0,0,0",True,Hex:4 HexNAc:8,P0DTC2,SPIKE_SARS2
HexNAc(5)Hex(9)dHex(1),H9N5F1,Asn-122,G61053JL,634,122,2639.4149,2637.9407,"9,5,1,0,0,0,0,0,0,0,0,0,0,0",True,Hex:9 HexNAc:5 dHex:1,P0DTC2,SPIKE_SARS2
HexNAc(5)Hex(9)dHex(1),H9N5F1,Asn-282,G61053JL,634,282,2639.4149,2637.9407,"9,5,1,0,0,0,0,0,0,0,0,0,0,0",True,Hex:9 HexNAc:5 dHex:1,P0DTC2,SPIKE_SARS2
HexNAc(5)Hex(9)dHex(1),H9N5F1,Asn-615,G61053JL,634,615,2639.4149,2637.9407,"9,5,1,0,0,0,0,0,0,0,0,0,0,0",True,Hex:9 HexNAc:5 dHex:1,P0DTC2,SPIKE_SARS2
HexNAc(5)Hex(8),H8N5,Asn-122,G27516OE,397,122,2331.1295,2329.83,"8,5,0,0,0,0,0,0,0,0,0,0,0,0",True,Hex:8 HexNAc:5,P0DTC2,SPIKE_SARS2
HexNAc(6)Hex(5)dHex(1)NeuAc(2),H5N6F1S2,Asn-657,G87015RU,404,657,2776.5561,2774.9997,"5,6,1,2,0,0,0,0,0,0,0,0,0,0",True,Hex:5 HexNAc:6 dHex:1 NeuAc:2,P0DTC2,SPIKE_SARS2
HexNAc(6)Hex(5)dHex(1)NeuAc(2),H5N6F1S2,Asn-122,G87015RU,404,122,2776.5561,2774.9997,"5,6,1,2,0,0,0,0,0,0,0,0,0,0",True,Hex:5 HexNAc:6 dHex:1 NeuAc:2,P0DTC2,SPIKE_SARS2
HexNAc(6)Hex(5)dHex(1)NeuAc(2),H5N6F1S2,Asn-282,G87015RU,404,282,2776.5561,2774.9997,"5,6,1,2,0,0,0,0,0,0,0,0,0,0",True,Hex:5 HexNAc:6 dHex:1 NeuAc:2,P0DTC2,SPIKE_SARS2
HexNAc(6)Hex(5)dHex(1)NeuAc(2),H5N6F1S2,Asn-331,G87015RU,404,331,2776.5561,2774.9997,"5,6,1,2,0,0,0,0,0,0,0,0,0,0",True,Hex:5 HexNAc:6 dHex:1 NeuAc:2,P0DTC2,SPIKE_SARS2
HexNAc(6)Hex(5)dHex(1)NeuAc(2),H5N6F1S2,Asn-165,G87015RU,404,165,2776.5561,2774.9997,"5,6,1,2,0,0,0,0,0,0,0,0,0,0",True,Hex:5 HexNAc:6 dHex:1 NeuAc:2,P0DTC2,SPIKE_SARS2
HexNAc(5)Hex(7),H7N5,Asn-282,G19116TW,410,282,2168.9871,2167.7772,"7,5,0,0,0,0,0,0,0,0,0,0,0,0",True,Hex:7 HexNAc:5,P0DTC2,SPIKE_SARS2
HexNAc(5)Hex(7),H7N5,Asn-615,G19116TW,410,615,2168.9871,2167.7772,"7,5,0,0,0,0,0,0,0,0,0,0,0,0",True,Hex:7 HexNAc:5,P0DTC2,SPIKE_SARS2
HexNAc(5)Hex(7),H7N5,Asn-122,G19116TW,410,122,2168.9871,2167.7772,"7,5,0,0,0,0,0,0,0,0,0,0,0,0",True,Hex:7 HexNAc:5,P0DTC2,SPIKE_SARS2
HexNAc(5)Hex(7),H7N5,Asn-602,G19116TW,410,602,2168.9871,2167.7772,"7,5,0,0,0,0,0,0,0,0,0,0,0,0",True,Hex:7 HexNAc:5,P0DTC2,SPIKE_SARS2
HexNAc(5)Hex(7),H7N5,Asn-657,G19116TW,410,657,2168.9871,2167.7772,"7,5,0,0,0,0,0,0,0,0,0,0,0,0",True,Hex:7 HexNAc:5,P0DTC2,SPIKE_SARS2
HexNAc(2)Hex(4),H4N2,Asn-122,G66538GV,652,122,1072.9749,1072.3806,"4,2,0,0,0,0,0,0,0,0,0,0,0,0",True,Hex:4 HexNAc:2,P0DTC2,SPIKE_SARS2
HexNAc(2)Hex(4),H4N2,Asn-331,G66538GV,652,331,1072.9749,1072.3806,"4,2,0,0,0,0,0,0,0,0,0,0,0,0",True,Hex:4 HexNAc:2,P0DTC2,SPIKE_SARS2
HexNAc(2)Hex(10),H10N2,Asn-122,,653,122,2045.8293,2044.6974,"10,2,0,0,0,0,0,0,0,0,0,0,0,0",True,Hex:10 HexNAc:2,P0DTC2,SPIKE_SARS2
HexNAc(2)Hex(10),H10N2,Asn-602,,653,602,2045.8293,2044.6974,"10,2,0,0,0,0,0,0,0,0,0,0,0,0",True,Hex:10 HexNAc:2,P0DTC2,SPIKE_SARS2
HexNAc(2)Hex(10),H10N2,Asn-657,,653,657,2045.8293,2044.6974,"10,2,0,0,0,0,0,0,0,0,0,0,0,0",True,Hex:10 HexNAc:2,P0DTC2,SPIKE_SARS2
HexNAc(2)Hex(2),H2N2,Asn-122,G63628AV,660,122,748.6901,748.275,"2,2,0,0,0,0,0,0,0,0,0,0,0,0",True,Hex:2 HexNAc:2,P0DTC2,SPIKE_SARS2
HexNAc(2)Hex(2),H2N2,Asn-165,G63628AV,660,165,748.6901,748.275,"2,2,0,0,0,0,0,0,0,0,0,0,0,0",True,Hex:2 HexNAc:2,P0DTC2,SPIKE_SARS2
HexNAc(2)Hex(2),H2N2,Asn-602,G63628AV,660,602,748.6901,748.275,"2,2,0,0,0,0,0,0,0,0,0,0,0,0",True,Hex:2 HexNAc:2,P0DTC2,SPIKE_SARS2
HexNAc(8)Hex(8)dHex(1),H8N8F1,Asn-122,G19603RR,474,122,3086.8575,3085.1261,"8,8,1,0,0,0,0,0,0,0,0,0,0,0",True,Hex:8 HexNAc:8 dHex:1,P0DTC2,SPIKE_SARS2
HexNAc(8)Hex(8)dHex(1),H8N8F1,Asn-657,G19603RR,474,657,3086.8575,3085.1261,"8,8,1,0,0,0,0,0,0,0,0,0,0,0",True,Hex:8 HexNAc:8 dHex:1,P0DTC2,SPIKE_SARS2
HexNAc(6)Hex(10)dHex(1)NeuAc(1),H10N6F1S1,Asn-615,,880,615,3296.0102,3294.1683,"10,6,1,1,0,0,0,0,0,0,0,0,0,0",True,Hex:10 HexNAc:6 dHex:1 NeuAc:1,P0DTC2,SPIKE_SARS2
HexNAc(6)Hex(8)NeuAc(1),H8N6S1,Asn-122,G49084LP,210,122,2825.5824,2824.0048,"8,6,0,1,0,0,0,0,0,0,0,0,0,0",True,Hex:8 HexNAc:6 NeuAc:1,P0DTC2,SPIKE_SARS2
HexNAc(6)Hex(8)NeuAc(1),H8N6S1,Asn-331,G49084LP,210,331,2825.5824,2824.0048,"8,6,0,1,0,0,0,0,0,0,0,0,0,0",True,Hex:8 HexNAc:6 NeuAc:1,P0DTC2,SPIKE_SARS2
HexNAc(6)Hex(8)NeuAc(1),H8N6S1,Asn-165,G49084LP,210,165,2825.5824,2824.0048,"8,6,0,1,0,0,0,0,0,0,0,0,0,0",True,Hex:8 HexNAc:6 NeuAc:1,P0DTC2,SPIKE_SARS2
HexNAc(6)Hex(8)NeuAc(1),H8N6S1,Asn-615,G49084LP,210,615,2825.5824,2824.0048,"8,6,0,1,0,0,0,0,0,0,0,0,0,0",True,Hex:8 HexNAc:6 NeuAc:1,P0DTC2,SPIKE_SARS2
HexNAc(6)Hex(8)NeuAc(1),H8N6S1,Asn-282,G49084LP,210,282,2825.5824,2824.0048,"8,6,0,1,0,0,0,0,0,0,0,0,0,0",True,Hex:8 HexNAc:6 NeuAc:1,P0DTC2,SPIKE_SARS2
HexNAc(6)Hex(8)NeuAc(1),H8N6S1,Asn-657,G49084LP,210,657,2825.5824,2824.0048,"8,6,0,1,0,0,0,0,0,0,0,0,0,0",True,Hex:8 HexNAc:6 NeuAc:1,P0DTC2,SPIKE_SARS2
HexNAc(5)Hex(7)dHex(1)NeuAc(1),H7N5F1S1,Asn-165,G13728QT,231,165,2606.388,2604.9305,"7,5,1,1,0,0,0,0,0,0,0,0,0,0",True,Hex:7 HexNAc:5 dHex:1 NeuAc:1,P0DTC2,SPIKE_SARS2
HexNAc(5)Hex(7)dHex(1)NeuAc(1),H7N5F1S1,Asn-282,G13728QT,231,282,2606.388,2604.9305,"7,5,1,1,0,0,0,0,0,0,0,0,0,0",True,Hex:7 HexNAc:5 dHex:1 NeuAc:1,P0DTC2,SPIKE_SARS2
HexNAc(5)Hex(7)dHex(1)NeuAc(1),H7N5F1S1,Asn-122,G13728QT,231,122,2606.388,2604.9305,"7,5,1,1,0,0,0,0,0,0,0,0,0,0",True,Hex:7 HexNAc:5 dHex:1 NeuAc:1,P0DTC2,SPIKE_SARS2
HexNAc(5)Hex(7)dHex(1)NeuAc(1),H7N5F1S1,Asn-657,G13728QT,231,657,2606.388,2604.9305,"7,5,1,1,0,0,0,0,0,0,0,0,0,0",True,Hex:7 HexNAc:5 dHex:1 NeuAc:1,P0DTC2,SPIKE_SARS2
HexNAc(2)Hex(2)dHex(1),H2N2F1,Asn-657,G31685JQ,334,657,894.8331,894.3329,"2,2,1,0,0,0,0,0,0,0,0,0,0,0",True,Hex:2 HexNAc:2 dHex:1,P0DTC2,SPIKE_SARS2
HexNAc(9)Hex(9)dHex(1),H9N9F1,Asn-282,G39643OJ,344,282,3452.1949,3450.2583,"9,9,1,0,0,0,0,0,0,0,0,0,0,0",True,Hex:9 HexNAc:9 dHex:1,P0DTC2,SPIKE_SARS2
HexNAc(9)Hex(9)dHex(1),H9N9F1,Asn-657,G39643OJ,344,657,3452.1949,3450.2583,"9,9,1,0,0,0,0,0,0,0,0,0,0,0",True,Hex:9 HexNAc:9 dHex:1,P0DTC2,SPIKE_SARS2
HexNAc(9)Hex(9)dHex(1),H9N9F1,Asn-122,G39643OJ,344,122,3452.1949,3450.2583,"9,9,1,0,0,0,0,0,0,0,0,0,0,0",True,Hex:9 HexNAc:9 dHex:1,P0DTC2,SPIKE_SARS2
HexNAc(7)Hex(8)dHex(1)NeuAc(3),H8N7F1S3,Asn-657,G48488CO,384,657,3757.4362,3755.3329,"8,7,1,3,0,0,0,0,0,0,0,0,0,0",True,Hex:8 HexNAc:7 dHex:1 NeuAc:3,P0DTC2,SPIKE_SARS2
HexNAc(7)Hex(8)dHex(1)NeuAc(3),H8N7F1S3,Asn-234,G48488CO,384,234,3757.4362,3755.3329,"8,7,1,3,0,0,0,0,0,0,0,0,0,0",True,Hex:8 HexNAc:7 dHex:1 NeuAc:3,P0DTC2,SPIKE_SARS2
HexNAc(7)Hex(8)dHex(1)NeuAc(3),H8N7F1S3,Asn-122,G48488CO,384,122,3757.4362,3755.3329,"8,7,1,3,0,0,0,0,0,0,0,0,0,0",True,Hex:8 HexNAc:7 dHex:1 NeuAc:3,P0DTC2,SPIKE_SARS2
HexNAc(7)Hex(8)dHex(1)NeuAc(3),H8N7F1S3,Asn-165,G48488CO,384,165,3757.4362,3755.3329,"8,7,1,3,0,0,0,0,0,0,0,0,0,0",True,Hex:8 HexNAc:7 dHex:1 NeuAc:3,P0DTC2,SPIKE_SARS2
HexNAc(5)Hex(7)dHex(1),H7N5F1,Asn-122,G52589SM,689,122,2315.1301,2313.8351,"7,5,1,0,0,0,0,0,0,0,0,0,0,0",True,Hex:7 HexNAc:5 dHex:1,P0DTC2,SPIKE_SARS2
HexNAc(5)Hex(7)dHex(1),H7N5F1,Asn-343,G52589SM,689,343,2315.1301,2313.8351,"7,5,1,0,0,0,0,0,0,0,0,0,0,0",True,Hex:7 HexNAc:5 dHex:1,P0DTC2,SPIKE_SARS2
HexNAc(5)Hex(7)dHex(1),H7N5F1,Asn-657,G52589SM,689,657,2315.1301,2313.8351,"7,5,1,0,0,0,0,0,0,0,0,0,0,0",True,Hex:7 HexNAc:5 dHex:1,P0DTC2,SPIKE_SARS2
HexNAc(5)Hex(7)dHex(1),H7N5F1,Asn-282,G52589SM,689,282,2315.1301,2313.8351,"7,5,1,0,0,0,0,0,0,0,0,0,0,0",True,Hex:7 HexNAc:5 dHex:1,P0DTC2,SPIKE_SARS2
HexNAc(5)Hex(7)dHex(1),H7N5F1,Asn-165,G52589SM,689,165,2315.1301,2313.8351,"7,5,1,0,0,0,0,0,0,0,0,0,0,0",True,Hex:7 HexNAc:5 dHex:1,P0DTC2,SPIKE_SARS2
HexNAc(6)Hex(11)dHex(1),H11N6F1,Asn-615,,479,615,3166.8947,3165.1257,"11,6,1,0,0,0,0,0,0,0,0,0,0,0",True,Hex:11 HexNAc:6 dHex:1,P0DTC2,SPIKE_SARS2
HexNAc(6)Hex(11)dHex(1),H11N6F1,Asn-657,,479,657,3166.8947,3165.1257,"11,6,1,0,0,0,0,0,0,0,0,0,0,0",True,Hex:11 HexNAc:6 dHex:1,P0DTC2,SPIKE_SARS2
HexNAc(7)Hex(7)dHex(1)NeuAc(3),H7N7F1S3,Asn-657,G42459UQ,375,657,3595.2938,3593.2801,"7,7,1,3,0,0,0,0,0,0,0,0,0,0",True,Hex:7 HexNAc:7 dHex:1 NeuAc:3,P0DTC2,SPIKE_SARS2
HexNAc(7)Hex(7)dHex(1)NeuAc(3),H7N7F1S3,Asn-122,G42459UQ,375,122,3595.2938,3593.2801,"7,7,1,3,0,0,0,0,0,0,0,0,0,0",True,Hex:7 HexNAc:7 dHex:1 NeuAc:3,P0DTC2,SPIKE_SARS2
HexNAc(7)Hex(7)dHex(1)NeuAc(3),H7N7F1S3,Asn-165,G42459UQ,375,165,3595.2938,3593.2801,"7,7,1,3,0,0,0,0,0,0,0,0,0,0",True,Hex:7 HexNAc:7 dHex:1 NeuAc:3,P0DTC2,SPIKE_SARS2
HexNAc(7)Hex(7)dHex(1)NeuAc(3),H7N7F1S3,Asn-282,G42459UQ,375,282,3595.2938,3593.2801,"7,7,1,3,0,0,0,0,0,0,0,0,0,0",True,Hex:7 HexNAc:7 dHex:1 NeuAc:3,P0DTC2,SPIKE_SARS2
HexNAc(7)Hex(7)dHex(1)NeuAc(4),H7N7F1S4,Asn-234,G78726CB,1070,234,,,"7,7,1,4,0,0,0,0,0,0,0,0,0,0",False,Hex:7 HexNAc:7 dHex:1 NeuAc:4,P0DTC2,SPIKE_SARS2
HexNAc(7)Hex(7)dHex(1)NeuAc(4),H7N7F1S4,Asn-657,G78726CB,1070,657,,,"7,7,1,4,0,0,0,0,0,0,0,0,0,0",False,Hex:7 HexNAc:7 dHex:1 NeuAc:4,P0DTC2,SPIKE_SARS2
HexNAc(7)Hex(8)dHex(1)NeuAc(2),H8N7F1S2,Asn-657,G72886NH,371,657,3466.1783,3464.2375,"8,7,1,2,0,0,0,0,0,0,0,0,0,0",True,Hex:8 HexNAc:7 dHex:1 NeuAc:2,P0DTC2,SPIKE_SARS2
HexNAc(7)Hex(8)dHex(1)NeuAc(2),H8N7F1S2,Asn-122,G72886NH,371,122,3466.1783,3464.2375,"8,7,1,2,0,0,0,0,0,0,0,0,0,0",True,Hex:8 HexNAc:7 dHex:1 NeuAc:2,P0DTC2,SPIKE_SARS2
HexNAc(7)Hex(8)dHex(1)NeuAc(2),H8N7F1S2,Asn-165,G72886NH,371,165,3466.1783,3464.2375,"8,7,1,2,0,0,0,0,0,0,0,0,0,0",True,Hex:8 HexNAc:7 dHex:1 NeuAc:2,P0DTC2,SPIKE_SARS2
HexNAc(7)Hex(8)dHex(1)NeuAc(2),H8N7F1S2,Asn-282,G72886NH,371,282,3466.1783,3464.2375,"8,7,1,2,0,0,0,0,0,0,0,0,0,0",True,Hex:8 HexNAc:7 dHex:1 NeuAc:2,P0DTC2,SPIKE_SARS2
HexNAc(6)Hex(9),H9N6,Asn-122,G58596DI,58,122,2696.4669,2694.9622,"9,6,0,0,0,0,0,0,0,0,0,0,0,0",True,Hex:9 HexNAc:6,P0DTC2,SPIKE_SARS2
HexNAc(6)Hex(9),H9N6,Asn-657,G58596DI,58,657,2696.4669,2694.9622,"9,6,0,0,0,0,0,0,0,0,0,0,0,0",True,Hex:9 HexNAc:6,P0DTC2,SPIKE_SARS2
HexNAc(5)Hex(3)dHex(1)NeuAc(1),H3N5F1S1,Asn-657,G85228QD,84,657,1957.8184,1956.7193,"3,5,1,1,0,0,0,0,0,0,0,0,0,0",True,Hex:3 HexNAc:5 dHex:1 NeuAc:1,P0DTC2,SPIKE_SARS2
HexNAc(5)Hex(3)dHex(1)NeuAc(1),H3N5F1S1,Asn-282,G85228QD,84,282,1957.8184,1956.7193,"3,5,1,1,0,0,0,0,0,0,0,0,0,0",True,Hex:3 HexNAc:5 dHex:1 NeuAc:1,P0DTC2,SPIKE_SARS2
HexNAc(5)Hex(3)dHex(1)NeuAc(1),H3N5F1S1,Asn-122,G85228QD,84,122,1957.8184,1956.7193,"3,5,1,1,0,0,0,0,0,0,0,0,0,0",True,Hex:3 HexNAc:5 dHex:1 NeuAc:1,P0DTC2,SPIKE_SARS2
HexNAc(5)Hex(3)dHex(1)NeuAc(1),H3N5F1S1,Asn-165,G85228QD,84,165,1957.8184,1956.7193,"3,5,1,1,0,0,0,0,0,0,0,0,0,0",True,Hex:3 HexNAc:5 dHex:1 NeuAc:1,P0DTC2,SPIKE_SARS2
HexNAc(2)Hex(1)dHex(1),H1N2F1,Asn-657,G22355FZ,167,657,732.6907,732.2801,"1,2,1,0,0,0,0,0,0,0,0,0,0,0",True,Hex:1 HexNAc:2 dHex:1,P0DTC2,SPIKE_SARS2
HexNAc(2)Hex(1)dHex(1),H1N2F1,Asn-602,G22355FZ,167,602,732.6907,732.2801,"1,2,1,0,0,0,0,0,0,0,0,0,0,0",True,Hex:1 HexNAc:2 dHex:1,P0DTC2,SPIKE_SARS2
HexNAc(2)Hex(1)dHex(1),H1N2F1,Asn-331,G22355FZ,167,331,732.6907,732.2801,"1,2,1,0,0,0,0,0,0,0,0,0,0,0",True,Hex:1 HexNAc:2 dHex:1,P0DTC2,SPIKE_SARS2
HexNAc(2)dHex(1),N2F1,Asn-165,,178,165,570.5483,570.2273,"0,2,1,0,0,0,0,0,0,0,0,0,0,0",True,HexNAc:2 dHex:1,P0DTC2,SPIKE_SARS2
HexNAc(2)dHex(1),N2F1,Asn-122,,178,122,570.5483,570.2273,"0,2,1,0,0,0,0,0,0,0,0,0,0,0",True,HexNAc:2 dHex:1,P0DTC2,SPIKE_SARS2
HexNAc(7)Hex(8)dHex(1)NeuAc(1),H8N7F1S1,Asn-122,G58598BO,50,122,3174.9204,3173.1421,"8,7,1,1,0,0,0,0,0,0,0,0,0,0",True,Hex:8 HexNAc:7 dHex:1 NeuAc:1,P0DTC2,SPIKE_SARS2
HexNAc(7)Hex(8)dHex(1)NeuAc(1),H8N7F1S1,Asn-331,G58598BO,50,331,3174.9204,3173.1421,"8,7,1,1,0,0,0,0,0,0,0,0,0,0",True,Hex:8 HexNAc:7 dHex:1 NeuAc:1,P0DTC2,SPIKE_SARS2
HexNAc(7)Hex(8)dHex(1)NeuAc(1),H8N7F1S1,Asn-657,G58598BO,50,657,3174.9204,3173.1421,"8,7,1,1,0,0,0,0,0,0,0,0,0,0",True,Hex:8 HexNAc:7 dHex:1 NeuAc:1,P0DTC2,SPIKE_SARS2
HexNAc(7)Hex(8)dHex(1)NeuAc(1),H8N7F1S1,Asn-343,G58598BO,50,343,3174.9204,3173.1421,"8,7,1,1,0,0,0,0,0,0,0,0,0,0",True,Hex:8 HexNAc:7 dHex:1 NeuAc:1,P0DTC2,SPIKE_SARS2
HexNAc(7)Hex(8)dHex(1)NeuAc(1),H8N7F1S1,Asn-282,G58598BO,50,282,3174.9204,3173.1421,"8,7,1,1,0,0,0,0,0,0,0,0,0,0",True,Hex:8 HexNAc:7 dHex:1 NeuAc:1,P0DTC2,SPIKE_SARS2
HexNAc(7)Hex(8)dHex(1)NeuAc(1),H8N7F1S1,Asn-165,G58598BO,50,165,3174.9204,3173.1421,"8,7,1,1,0,0,0,0,0,0,0,0,0,0",True,Hex:8 HexNAc:7 dHex:1 NeuAc:1,P0DTC2,SPIKE_SARS2
HexNAc(1),N1,Asn-657,,272,657,221.2103,221.09,"0,1,0,0,0,0,0,0,0,0,0,0,0,0",True,HexNAc:1,P0DTC2,SPIKE_SARS2
HexNAc(1),N1,Asn-122,,272,122,221.2103,221.09,"0,1,0,0,0,0,0,0,0,0,0,0,0,0",True,HexNAc:1,P0DTC2,SPIKE_SARS2
HexNAc(1),N1,Asn-343,,272,343,221.2103,221.09,"0,1,0,0,0,0,0,0,0,0,0,0,0,0",True,HexNAc:1,P0DTC2,SPIKE_SARS2
HexNAc(2)Hex(1),H1N2,Asn-122,G32550BI,495,122,586.5477,586.2222,"1,2,0,0,0,0,0,0,0,0,0,0,0,0",True,Hex:1 HexNAc:2,P0DTC2,SPIKE_SARS2
HexNAc(2)Hex(1),H1N2,Asn-165,G32550BI,495,165,586.5477,586.2222,"1,2,0,0,0,0,0,0,0,0,0,0,0,0",True,Hex:1 HexNAc:2,P0DTC2,SPIKE_SARS2
HexNAc(2),N2,Asn-615,G71838YU,541,615,424.4053,424.1694,"0,2,0,0,0,0,0,0,0,0,0,0,0,0",True,HexNAc:2,P0DTC2,SPIKE_SARS2
HexNAc(2),N2,Asn-122,G71838YU,541,122,424.4053,424.1694,"0,2,0,0,0,0,0,0,0,0,0,0,0,0",True,HexNAc:2,P0DTC2,SPIKE_SARS2
HexNAc(2),N2,Asn-657,G71838YU,541,657,424.4053,424.1694,"0,2,0,0,0,0,0,0,0,0,0,0,0,0",True,HexNAc:2,P0DTC2,SPIKE_SARS2
HexNAc(1)dHex(1),N1F1,Asn-331,,43,331,367.3533,367.1479,"0,1,1,0,0,0,0,0,0,0,0,0,0,0",True,HexNAc:1 dHex:1,P0DTC2,SPIKE_SARS2
HexNAc(1)dHex(1),N1F1,Asn-657,,43,657,367.3533,367.1479,"0,1,1,0,0,0,0,0,0,0,0,0,0,0",True,HexNAc:1 dHex:1,P0DTC2,SPIKE_SARS2
HexNAc(1)dHex(1),N1F1,Asn-122,,43,122,367.3533,367.1479,"0,1,1,0,0,0,0,0,0,0,0,0,0,0",True,HexNAc:1 dHex:1,P0DTC2,SPIKE_SARS2
HexNAc(8)Hex(9)dHex(1)NeuAc(3),H9N8F1S3,Asn-657,G16208YZ,301,657,4122.7736,4120.4651,"9,8,1,3,0,0,0,0,0,0,0,0,0,0",True,Hex:9 HexNAc:8 dHex:1 NeuAc:3,P0DTC2,SPIKE_SARS2
HexNAc(8)Hex(9)dHex(1)NeuAc(4),H9N8F1S4,Asn-234,G91152KU,440,234,4414.0315,4411.5605,"9,8,1,4,0,0,0,0,0,0,0,0,0,0",True,Hex:9 HexNAc:8 dHex:1 NeuAc:4,P0DTC2,SPIKE_SARS2
HexNAc(7)Hex(6)dHex(1)NeuAc(4),H6N7F1S4,Asn-657,G37570AP,554,657,3724.4093,3722.3227,"6,7,1,4,0,0,0,0,0,0,0,0,0,0",True,Hex:6 HexNAc:7 dHex:1 NeuAc:4,P0DTC2,SPIKE_SARS2
HexNAc(7)Hex(6)dHex(1)NeuAc(4),H6N7F1S4,Asn-282,G37570AP,554,282,3724.4093,3722.3227,"6,7,1,4,0,0,0,0,0,0,0,0,0,0",True,Hex:6 HexNAc:7 dHex:1 NeuAc:4,P0DTC2,SPIKE_SARS2
HexNAc(8)Hex(9),H9N8,Asn-282,G19972YZ,580,282,3102.8569,3101.121,"9,8,0,0,0,0,0,0,0,0,0,0,0,0",True,Hex:9 HexNAc:8,P0DTC2,SPIKE_SARS2
HexNAc(8)Hex(9),H9N8,Asn-331,G19972YZ,580,331,3102.8569,3101.121,"9,8,0,0,0,0,0,0,0,0,0,0,0,0",True,Hex:9 HexNAc:8,P0DTC2,SPIKE_SARS2
HexNAc(8)Hex(9),H9N8,Asn-657,G19972YZ,580,657,3102.8569,3101.121,"9,8,0,0,0,0,0,0,0,0,0,0,0,0",True,Hex:9 HexNAc:8,P0DTC2,SPIKE_SARS2
