gene,genbank_accession,gisaid_epi_isl,mutations,author
ORF1a,LR757998,EPI_ISL_406798,L2235I,Chen et al
ORF1a,LR757998,EPI_ISL_406798,N3833K,Chen et al
nuc,LR757998,EPI_ISL_406798,C6968A,Chen et al
nuc,LR757998,EPI_ISL_406798,T11764A,Chen et al
ORF1a,MT019531,EPI_ISL_403930,I2244T,Ren et al
nuc,MT019531,EPI_ISL_403930,T6996C,Ren et al
S,nan,EPI_ISL_402132,F32I,Fang et al
nuc,nan,EPI_ISL_402132,T21656A,Fang et al
ORF1a,MN996531,EPI_ISL_402130,D2579A,Zhou et al
ORF1a,MN996531,EPI_ISL_402130,T3090I,Zhou et al
nuc,MN996531,EPI_ISL_402130,A8001C,Zhou et al
nuc,MN996531,EPI_ISL_402130,C9534T,Zhou et al
ORF7a,nan,EPI_ISL_402120,P34S,Tan et al
nuc,nan,EPI_ISL_402120,C27493T,Tan et al
nuc,nan,EPI_ISL_402120,C28253T,Tan et al
ORF1b,nan,EPI_ISL_416425,K2160E,Yao et al
nuc,nan,EPI_ISL_416425,T1405C,Yao et al
nuc,nan,EPI_ISL_416425,G9802T,Yao et al
nuc,nan,EPI_ISL_416425,A19945G,Yao et al
nuc,nan,EPI_ISL_416425,C25267T,Yao et al
nuc,nan,EPI_ISL_416425,C27615G,Yao et al
nuc,nan,EPI_ISL_402121,G20670A,Tan et al
nuc,nan,EPI_ISL_402121,G20679A,Tan et al
ORF1a,MN996529,EPI_ISL_402128,G2251S,Zhou et al
ORF1b,MN996529,EPI_ISL_402128,K2557R,Zhou et al
nuc,MN996529,EPI_ISL_402128,G7016A,Zhou et al
nuc,MN996529,EPI_ISL_402128,A21137G,Zhou et al
ORF1a,nan,EPI_ISL_416345,P2144L,Wang et al
ORF1a,nan,EPI_ISL_416345,G2269S,Wang et al
ORF1a,nan,EPI_ISL_416345,T4304A,Wang et al
ORF7a,nan,EPI_ISL_416345,I100F,Wang et al
nuc,nan,EPI_ISL_416345,C6696T,Wang et al
nuc,nan,EPI_ISL_416345,G7070A,Wang et al
nuc,nan,EPI_ISL_416345,A13175G,Wang et al
nuc,nan,EPI_ISL_416345,A27690T,Wang et al
nuc,nan,EPI_ISL_416345,A27691T,Wang et al
nuc,nan,EPI_ISL_416345,C28887T,Wang et al
ORF1a,MT019529,EPI_ISL_402123,N2708S,Ren et al
ORF1a,MT019529,EPI_ISL_402123,F2908I,Ren et al
nuc,MT019529,EPI_ISL_402123,A3778G,Ren et al
nuc,MT019529,EPI_ISL_402123,A8388G,Ren et al
nuc,MT019529,EPI_ISL_402123,T8987A,Ren et al
ORF1b,nan,nan,P2409S,nan
ORF8,nan,nan,V114I,nan
nuc,nan,nan,C20692T,nan
nuc,nan,nan,G28233A,nan
nuc,nan,nan,A24325G,nan
nuc,nan,nan,C8782T,nan
ORF1b,nan,nan,P314L,nan
nuc,nan,nan,C241T,nan
nuc,nan,nan,C14408T,nan
